Time (ms) ,x-axis acceleration,y-axis acceleration,z-axis acceleration,x-axis gyroscope,y-axis gyroscope,z-axis gyroscope,x-axis magnetometer,y-axis magnetometer,z-axis magnetometer
0,8.62207,0.010325014,0.010325014,-0.42682928,-1.6463414,0.73170733,-54.000004,-20.400002,-22.2
10,8.566985,0.010259049,0.010259049,-0.9756098,-2.012195,0.9756098,5.4,-48.0,17.400002
20,8.509504,0.010190215,0.010190215,-1.1585366,-2.012195,0.79268295,5.4,-47.4,16.2
30,8.447234,0.010115646,0.010115646,-0.91463417,-2.1341465,1.0365853,6.6000004,-47.4,17.400002
40,8.411309,0.010072625,0.010072625,-1.097561,-2.0731707,0.91463417,6.6000004,-48.600002,17.400002
50,8.4304695,0.01009557,0.01009557,-0.79268295,-1.8902439,0.85365856,5.4,-47.4,17.400002
60,8.447234,0.010115646,0.010115646,-0.6707317,-2.0731707,0.73170733,6.6000004,-48.600002,16.800001
70,8.466394,0.010138591,0.010138591,-0.6707317,-2.1341465,0.42682928,6.0,-49.2,18.0
80,8.495134,0.010173007,0.010173007,-0.6707317,-2.2560976,0.5487805,4.8,-48.0,17.400002
90,8.547825,0.010236104,0.010236104,-0.85365856,-2.5609756,0.06097561,6.0,-48.0,17.400002
100,8.528665,0.01021316,0.01021316,-1.0365853,-2.7439024,0.36585367,6.6000004,-46.800003,18.0
110,8.5119,0.010193083,0.010193083,-1.2195122,-2.378049,0.12195122,6.6000004,-48.600002,18.0
120,8.475974,0.010150062,0.010150062,-1.097561,-2.5609756,0.4878049,6.0,-49.2,17.400002
130,8.456815,0.010127119,0.010127119,-1.4634147,-2.682927,0.24390244,7.2000003,-49.2,17.400002
140,8.425679,0.010089833,0.010089833,-1.1585366,-2.2560976,0.36585367,6.0,-48.0,15.6
150,8.449629,0.010118513,0.010118513,-1.0365853,-2.0731707,0.4878049,6.6000004,-47.4,16.800001
160,8.464,0.010135722,0.010135722,-0.85365856,-1.6463414,0.6707317,6.6000004,-48.0,16.800001
170,8.466394,0.010138591,0.010138591,-1.0365853,-2.1341465,0.6097561,5.4,-48.600002,17.400002
180,8.51669,0.01019882,0.01019882,-1.402439,-2.5609756,0.6097561,6.0,-47.4,17.400002
190,8.466394,0.010138591,0.010138591,-1.8292683,-2.8658538,0.79268295,6.6000004,-48.0,16.800001
200,8.449629,0.010118513,0.010118513,-2.195122,-2.6219513,0.73170733,5.4,-48.600002,17.400002
210,8.440049,0.010107041,0.010107041,-2.1341465,-2.5,0.12195122,7.2000003,-48.600002,17.400002
220,8.475974,0.010150062,0.010150062,-1.8292683,-2.682927,0.42682928,5.4,-47.4,16.2
230,8.461604,0.010132854,0.010132854,-1.5243902,-2.4390244,0.6097561,6.6000004,-49.2,17.400002
240,8.464,0.010135722,0.010135722,-1.2804878,-2.1341465,0.9756098,7.2000003,-48.0,17.400002
250,8.461604,0.010132854,0.010132854,-1.7073171,-2.5,1.2195122,5.4,-48.0,16.800001
260,8.47837,0.010152931,0.010152931,-1.9512196,-2.5609756,1.1585366,7.2000003,-48.600002,16.800001
270,8.449629,0.010118513,0.010118513,-2.804878,-2.317073,1.402439,6.0,-46.800003,17.400002
280,8.432864,0.010098438,0.010098438,-2.682927,-2.804878,1.2804878,5.4,-48.0,18.6
290,8.420889,0.010084097,0.010084097,-2.9268293,-2.804878,0.6707317,6.0,-47.4,16.800001
300,8.452024,0.010121382,0.010121382,-2.9268293,-2.7439024,0.5487805,6.6000004,-49.800003,17.400002
310,8.4448395,0.010112778,0.010112778,-2.5609756,-2.7439024,0.79268295,6.0,-49.2,16.800001
320,8.411309,0.010072625,0.010072625,-2.195122,-2.5609756,0.42682928,6.0,-48.0,18.6
330,8.392149,0.010049681,0.010049681,-2.012195,-2.378049,0.18292683,5.4,-49.800003,16.2
340,8.380174,0.010035341,0.010035341,-1.7073171,-2.317073,0.24390244,7.2000003,-48.600002,16.800001
350,8.341853,0.009989451,0.009989451,-1.3414634,-1.9512196,0.42682928,5.4,-49.2,18.0
360,8.387359,0.010043944,0.010043944,-1.5243902,-1.8902439,0.5487805,6.0,-48.600002,16.2
370,8.449629,0.010118513,0.010118513,-1.402439,-1.9512196,0.73170733,6.6000004,-48.600002,16.800001
380,8.468789,0.010141458,0.010141458,-0.9756098,-2.1341465,1.0365853,4.8,-48.0,15.000001
390,8.475974,0.010150062,0.010150062,-0.5487805,-2.0731707,0.73170733,6.0,-48.600002,17.400002
400,8.514295,0.010195951,0.010195951,-0.85365856,-2.012195,1.097561,6.6000004,-49.2,16.800001
410,8.49753,0.010175875,0.010175875,-1.1585366,-2.012195,0.91463417,6.0,-49.2,16.800001
420,8.466394,0.010138591,0.010138591,-1.8902439,-1.8292683,0.6097561,5.4,-49.2,16.2
430,8.394544,0.010052549,0.010052549,-1.8292683,-2.0731707,0.73170733,6.6000004,-47.4,16.800001
440,8.394544,0.010052549,0.010052549,-1.2804878,-1.8292683,0.6707317,6.6000004,-48.0,16.2
450,8.341853,0.009989451,0.009989451,-0.4878049,-1.6463414,0.5487805,6.6000004,-48.0,18.0
460,8.361013,0.010012396,0.010012396,0.6097561,-1.2804878,0.85365856,6.0,-49.2,16.2
470,8.423284,0.010086965,0.010086965,1.2804878,-0.9756098,0.79268295,5.4,-48.600002,17.400002
480,8.435259,0.010101305,0.010101305,1.402439,-0.91463417,0.6097561,6.6000004,-48.0,18.0
490,8.449629,0.010118513,0.010118513,1.2804878,-0.4878049,0.6097561,7.2000003,-48.0,18.0
500,8.456815,0.010127119,0.010127119,1.2195122,-1.1585366,0.73170733,5.4,-48.0,16.2
510,8.452024,0.010121382,0.010121382,0.73170733,-0.9756098,0.73170733,6.6000004,-48.600002,18.0
520,8.418494,0.01008123,0.01008123,0.5487805,-0.91463417,0.91463417,6.0,-49.2,17.400002
530,8.389753,0.010046812,0.010046812,0.73170733,-1.0365853,0.9756098,6.0,-48.600002,16.800001
540,8.392149,0.010049681,0.010049681,1.097561,-0.6707317,1.1585366,4.8,-49.2,17.400002
550,8.4376545,0.010104174,0.010104174,1.7682927,-0.30487806,1.3414634,5.4,-49.2,18.6
560,8.499925,0.010178743,0.010178743,1.9512196,-0.24390244,0.9756098,6.0,-49.2,18.0
570,8.468789,0.010141458,0.010141458,2.2560976,-0.36585367,0.9756098,6.6000004,-49.800003,17.400002
580,8.408914,0.010069757,0.010069757,2.317073,-0.36585367,0.79268295,6.0,-48.600002,17.400002
590,8.418494,0.01008123,0.01008123,2.5609756,0.06097561,0.6707317,6.6000004,-48.600002,17.400002
600,8.396939,0.010055417,0.010055417,2.682927,0.12195122,0.42682928,4.8,-48.0,17.400002
610,8.399334,0.010058285,0.010058285,2.682927,0.36585367,0.85365856,5.4,-48.600002,18.0
620,8.452024,0.010121382,0.010121382,2.4390244,0.18292683,0.6097561,7.2000003,-48.600002,16.800001
630,8.533455,0.010218896,0.010218896,1.3414634,-0.06097561,0.73170733,6.0,-47.4,16.800001
640,8.487949,0.010164402,0.010164402,0.4878049,-0.6707317,0.9756098,6.6000004,-49.2,18.0
650,8.53106,0.010216028,0.010216028,-0.4878049,-1.0365853,0.9756098,6.0,-48.600002,17.400002
660,8.557405,0.010247577,0.010247577,-1.097561,-1.2804878,0.91463417,6.0,-48.0,16.2
670,8.566985,0.010259049,0.010259049,-1.2195122,-1.5853659,1.097561,5.4,-49.2,16.800001
680,8.56459,0.0102561815,0.0102561815,-1.0365853,-1.5243902,0.91463417,6.6000004,-48.600002,15.6
690,8.741821,0.010468417,0.010468417,-1.097561,-1.402439,0.91463417,6.6000004,-48.600002,18.0
700,8.813672,0.010554459,0.010554459,-1.1585366,-1.5853659,0.18292683,5.4,-48.0,16.800001
710,8.698711,0.010416793,0.010416793,-0.24390244,-1.3414634,-0.06097561,6.0,-48.0,17.400002
720,8.641231,0.010347959,0.010347959,0.30487806,-0.6707317,-0.18292683,6.0,-48.600002,17.400002
730,8.703502,0.010422529,0.010422529,0.6707317,-0.73170733,-0.12195122,5.4,-48.600002,16.800001
740,8.708291,0.010428264,0.010428264,0.36585367,-0.9756098,0.5487805,6.0,-49.800003,18.0
750,8.674761,0.010388112,0.010388112,-1.1585366,-2.012195,0.85365856,5.4,-48.600002,16.800001
760,8.825647,0.010568799,0.010568799,-4.3292685,-2.9268293,1.0365853,4.8,-48.600002,17.400002
770,9.05557,0.010844134,0.010844134,-9.02439,-5.365854,0.4878049,6.6000004,-48.600002,17.400002
780,9.465117,0.011334571,0.011334571,-15.182927,-9.085366,-0.12195122,5.4,-49.2,16.800001
790,9.994417,0.011968412,0.011968412,-23.658537,-13.719513,-1.7682927,6.6000004,-48.600002,18.0
800,10.38241,0.012433038,0.012433038,-30.914635,-20.121952,-4.756098,6.0,-48.0,17.400002
810,10.298584,0.0123326555,0.0123326555,-37.19512,-27.37805,-7.3170733,6.6000004,-49.800003,18.0
820,10.126143,0.012126156,0.012126156,-42.987804,-34.69512,-8.47561,7.2000003,-49.2,16.800001
830,10.075848,0.012065927,0.012065927,-48.414635,-42.012196,-9.207317,7.2000003,-48.600002,15.000001
840,10.267449,0.012295372,0.012295372,-53.475613,-49.32927,-9.146341,7.8,-50.4,16.2
850,10.99314,0.013164394,0.013164394,-60.0,-58.65854,-11.036586,7.2000003,-49.800003,16.800001
860,11.982284,0.014348902,0.014348902,-65.60976,-72.256096,-12.560976,7.8,-48.600002,16.800001
870,12.140354,0.014538193,0.014538193,-72.743904,-87.743904,-14.573171,7.8,-51.000004,15.6
880,11.690091,0.013998999,0.013998999,-81.82927,-100.243904,-19.146341,7.8,-50.4,15.6
890,11.282937,0.013511428,0.013511428,-90.60976,-109.87805,-23.414635,8.400001,-49.800003,15.000001
900,10.94524,0.0131070325,0.0131070325,-94.20732,-116.89024,-26.890245,9.6,-51.000004,13.8
910,10.741663,0.012863247,0.012863247,-91.951225,-121.46342,-27.682928,9.0,-50.4,12.0
920,10.820699,0.012957893,0.012957893,-85.060974,-124.451225,-27.073172,8.400001,-51.000004,12.0
930,11.081756,0.013270511,0.013270511,-74.939026,-128.47562,-25.609756,10.200001,-52.2,12.0
940,11.239827,0.013459804,0.013459804,-65.121956,-134.08537,-25.0,10.200001,-51.000004,11.400001
950,11.242222,0.013462671,0.013462671,-56.28049,-140.42683,-23.963415,9.6,-51.600002,8.400001
960,11.175161,0.013382365,0.013382365,-48.048782,-146.89024,-23.47561,10.200001,-51.600002,8.400001
970,11.096126,0.013287719,0.013287719,-42.439026,-152.01219,-23.353659,10.8,-52.2,6.6000004
980,11.105706,0.013299192,0.013299192,-38.536587,-156.95122,-24.695122,12.6,-51.000004,6.6000004
990,11.278148,0.013505693,0.013505693,-35.73171,-161.34146,-26.219513,12.0,-52.2,4.8
1000,11.5751295,0.013861331,0.013861331,-33.35366,-167.13416,-28.780489,10.8,-51.000004,3.0
1010,11.934382,0.01429154,0.01429154,-33.65854,-172.80489,-30.853659,12.6,-51.600002,3.0
1020,12.418177,0.014870889,0.014870889,-35.0,-179.87805,-33.536587,12.0,-52.2,0.6
1030,12.616963,0.015108937,0.015108937,-37.682926,-187.2561,-37.317074,13.200001,-51.000004,-0.6
1040,12.360697,0.014802055,0.014802055,-40.548782,-194.69513,-41.890244,12.0,-50.4,-1.2
1050,11.910433,0.014262861,0.014262861,-41.768295,-200.30489,-47.2561,12.6,-50.4,-3.6000001
1060,11.63261,0.013930165,0.013930165,-41.95122,-204.2683,-52.80488,12.6,-51.000004,-6.0
1070,11.498489,0.013769554,0.013769554,-43.292683,-207.86586,-57.439026,12.6,-50.4,-7.8
1080,11.888878,0.014237048,0.014237048,-44.634148,-212.43903,-62.2561,13.8,-49.800003,-7.8
1090,12.264895,0.014687332,0.014687332,-49.817074,-219.39024,-67.19512,12.6,-49.2,-10.8
1100,12.0253935,0.014400527,0.014400527,-58.475613,-226.15854,-73.84147,12.6,-48.0,-12.0
1110,11.572735,0.013858464,0.013858464,-65.18293,-228.96342,-81.40244,12.0,-48.600002,-13.200001
1120,11.548784,0.013829783,0.013829783,-69.63415,-228.41464,-87.743904,11.400001,-48.0,-16.2
1130,11.915223,0.014268597,0.014268597,-70.73171,-229.39024,-93.17073,10.8,-48.600002,-16.800001
1140,11.819422,0.014153874,0.014153874,-70.121956,-232.0122,-99.939026,10.8,-48.600002,-18.0
1150,11.235037,0.013454067,0.013454067,-72.31708,-233.96342,-107.37805,9.0,-47.4,-20.400002
1160,10.717712,0.012834566,0.012834566,-77.07317,-233.35367,-114.81708,7.8,-46.2,-22.2
1170,10.578802,0.012668219,0.012668219,-80.48781,-231.15854,-122.743904,7.2000003,-45.600002,-23.400002
1180,10.468631,0.012536288,0.012536288,-83.78049,-229.87805,-130.18292,7.8,-44.4,-25.2
1190,10.164463,0.012172044,0.012172044,-89.268295,-228.10976,-136.95122,6.0,-43.2,-27.000002
1200,9.946517,0.011911051,0.011911051,-93.35366,-224.20732,-142.68294,3.6000001,-42.0,-28.2
1210,9.438772,0.0113030225,0.0113030225,-95.54878,-219.45122,-149.63416,3.6000001,-40.2,-28.800001
1220,8.935819,0.010700731,0.010700731,-95.060974,-212.07318,-154.20732,2.4,-38.4,-31.800001
1230,8.679551,0.010393848,0.010393848,-89.14635,-204.69513,-158.35367,1.8000001,-39.0,-33.0
1240,8.509504,0.010190215,0.010190215,-79.57317,-198.59756,-162.56097,-0.6,-37.800003,-34.2
1250,8.143066,0.009751402,0.009751402,-71.70732,-193.78049,-167.56097,-1.8000001,-36.600002,-33.600002
1260,7.5012016,0.008982763,0.008982763,-68.414635,-188.84146,-172.43903,-4.2000003,-35.4,-35.4
1270,6.672525,0.007990414,0.007990414,-69.45122,-182.43903,-177.13416,-5.4,-33.600002,-36.600002
1280,5.8917484,0.0070554265,0.0070554265,-71.585365,-173.41464,-179.63416,-6.0,-33.0,-36.0
1290,5.2738333,0.006315467,0.006315467,-70.73171,-164.45122,-179.81708,-9.0,-33.0,-36.600002
1300,5.0822315,0.006086022,0.006086022,-68.04878,-155.7317,-178.65854,-10.200001,-31.800001,-37.2
1310,5.216353,0.006246634,0.006246634,-62.317074,-147.43903,-178.90245,-12.0,-30.6,-37.800003
1320,5.3145485,0.006364224,0.006364224,-53.59756,-140.85367,-180.48781,-13.200001,-28.800001,-37.800003
1330,5.0702567,0.006071682,0.006071682,-49.085365,-137.2561,-181.03659,-14.400001,-30.000002,-37.2
1340,4.423601,0.005297306,0.005297306,-50.365856,-135.06097,-181.09756,-15.6,-27.6,-39.0
1350,3.1494508,0.0037714983,0.0037714983,-57.5,-133.59756,-181.82927,-16.800001,-27.6,-39.0
1360,1.6262183,0.0019474124,0.0019474124,-66.34146,-129.32927,-180.54878,-19.800001,-27.6,-39.0
1370,1.1855347,0.0014196895,0.0014196895,-77.86585,-120.73171,-177.37805,-21.6,-26.400002,-39.0
1380,1.8274,0.0021883294,0.0021883294,-88.84147,-113.90244,-178.04878,-23.400002,-24.6,-39.600002
1390,2.4189699,0.00289674,0.00289674,-96.64635,-110.73171,-183.78049,-24.6,-24.6,-39.0
1400,1.9950514,0.0023890936,0.0023890936,-101.951225,-107.37805,-189.69513,-26.400002,-24.6,-39.0
1410,1.0250684,0.0012275295,0.0012275295,-105.85366,-102.5,-193.53659,-27.6,-23.400002,-37.800003
1420,0.119750984,0.00014340298,0.00014340298,-106.46342,-95.60976,-193.65854,-30.000002,-23.400002,-37.2
1430,-0.79035646,-0.0009464596,-0.0009464596,-105.18293,-89.02439,-191.58537,-31.800001,-22.2,-36.600002
1440,-1.5567628,-0.0018642388,-0.0018642388,-104.5122,-82.68293,-186.15854,-33.600002,-22.2,-37.2
1450,-2.2776637,-0.0027275246,-0.0027275246,-103.53659,-74.69512,-180.30489,-35.4,-21.6,-34.800003
1460,-2.5866213,-0.0030975044,-0.0030975044,-100.67073,-66.097565,-174.0244,-37.2,-21.0,-34.2
1470,-2.5051906,-0.0029999902,-0.0029999902,-97.926834,-55.792683,-170.06097,-38.4,-19.800001,-34.800003
1480,-2.0501368,-0.002455059,-0.002455059,-95.18293,-48.292683,-170.7317,-39.600002,-20.400002,-34.800003
1490,-1.695674,-0.0020305861,-0.0020305861,-93.597565,-44.268295,-171.15854,-40.2,-19.800001,-33.0
1500,-2.090852,-0.0025038158,-0.0025038158,-93.53659,-43.23171,-168.65854,-42.600002,-20.400002,-32.4
1510,-2.9794044,-0.003567866,-0.003567866,-97.13415,-42.682926,-163.90244,-42.600002,-20.400002,-31.800001
1520,-3.6931202,-0.0044225478,-0.0044225478,-105.914635,-41.890244,-157.31708,-44.4,-19.2,-30.6
1530,-4.174519,-0.0049990276,-0.0049990276,-115.60976,-39.817074,-151.82927,-45.600002,-20.400002,-30.000002
1540,-4.4451566,-0.0053231185,-0.0053231185,-123.10976,-34.146343,-150.36586,-47.4,-21.6,-30.000002
1550,-4.687053,-0.0056127924,-0.0056127924,-124.20732,-26.40244,-151.34146,-48.0,-21.0,-27.6
1560,-4.9696655,-0.0059512234,-0.0059512234,-118.17074,-17.621952,-151.82927,-50.4,-21.6,-27.000002
1570,-5.2738333,-0.006315467,-0.006315467,-106.82927,-7.4390244,-150.06097,-51.000004,-19.800001,-26.400002
1580,-5.3959794,-0.006461738,-0.006461738,-94.7561,1.9512196,-146.40244,-51.000004,-21.6,-25.800001
1590,-5.4750147,-0.006556384,-0.006556384,-87.0122,8.231708,-141.21951,-52.800003,-22.800001,-25.2
1600,-5.455855,-0.0065334397,-0.0065334397,-83.65854,13.170732,-136.21951,-52.800003,-21.6,-24.6
1610,-5.3792143,-0.006441662,-0.006441662,-87.80488,14.695123,-133.10976,-54.600002,-22.800001,-24.6
1620,-5.5875807,-0.0066911825,-0.0066911825,-95.914635,16.463415,-132.43903,-55.2,-22.2,-23.400002
1630,-6.023474,-0.0072131697,-0.0072131697,-102.07317,18.414635,-133.78049,-56.4,-22.800001,-22.800001
1640,-6.3060865,-0.0075516007,-0.0075516007,-106.03659,20.731709,-133.53659,-57.000004,-24.0,-22.800001
1650,-6.6198344,-0.007927317,-0.007927317,-106.21951,23.90244,-131.03659,-57.600002,-23.400002,-21.0
1660,-7.0078273,-0.008391942,-0.008391942,-99.14635,29.512196,-128.2317,-58.800003,-25.2,-22.2
1670,-7.1227884,-0.008529609,-0.008529609,-88.90244,34.939026,-123.65854,-59.4,-24.0,-20.400002
1680,-6.998247,-0.00838047,-0.00838047,-77.13415,40.85366,-119.5122,-61.2,-25.2,-19.800001
1690,-6.871311,-0.008228462,-0.008228462,-63.414635,46.40244,-117.86586,-62.4,-25.800001,-21.0
1700,-7.0006423,-0.008383338,-0.008383338,-49.7561,51.95122,-118.35366,-62.4,-26.400002,-18.6
1710,-7.189849,-0.008609914,-0.008609914,-41.646343,58.35366,-119.02439,-63.600002,-28.2,-20.400002
1720,-7.1371584,-0.008546817,-0.008546817,-38.719513,61.82927,-123.35366,-63.600002,-29.400002,-20.400002
1730,-7.0126176,-0.008397679,-0.008397679,-43.475613,63.109756,-127.07317,-65.4,-27.6,-21.6
1740,-6.823411,-0.008171102,-0.008171102,-49.7561,66.03659,-131.46342,-66.600006,-30.6,-21.6
1750,-6.552774,-0.007847011,-0.007847011,-56.585365,67.68293,-135.24391,-66.600006,-30.6,-21.6
1760,-6.3947024,-0.007657719,-0.007657719,-60.060978,67.560974,-136.82927,-67.8,-31.800001,-21.6
1770,-6.67013,-0.007987546,-0.007987546,-59.02439,67.19512,-136.70732,-67.8,-32.4,-21.0
1780,-7.321575,-0.008767658,-0.008767658,-53.048782,69.085365,-135.36586,-70.200005,-32.4,-20.400002
1790,-7.431746,-0.008899589,-0.008899589,-47.37805,73.597565,-134.69513,-70.8,-34.800003,-22.2
1800,-7.031778,-0.008420623,-0.008420623,-42.2561,76.34147,-136.03659,-70.200005,-34.800003,-21.6
1810,-6.7874856,-0.0081280805,-0.0081280805,-41.52439,75.97561,-137.07318,-71.4,-35.4,-22.2
1820,-6.423443,-0.007692136,-0.007692136,-48.170734,74.268295,-139.45122,-72.600006,-34.800003,-22.800001
1830,-6.10251,-0.007307816,-0.007307816,-60.30488,69.69512,-142.98781,-73.8,-36.0,-23.400002
1840,-6.4090724,-0.007674927,-0.007674927,-73.71951,65.60976,-146.95122,-73.200005,-37.800003,-24.6
1850,-6.662945,-0.007978942,-0.007978942,-85.85366,64.39024,-148.78049,-74.4,-39.0,-22.800001
1860,-6.598279,-0.007901504,-0.007901504,-93.47561,66.03659,-151.21951,-75.0,-39.0,-23.400002
1870,-6.0114994,-0.0071988297,-0.0071988297,-100.30488,68.17073,-154.20732,-75.600006,-39.600002,-22.2
1880,-5.7696023,-0.0069091553,-0.0069091553,-103.35366,66.585365,-155.7927,-76.8,-39.600002,-23.400002
1890,-5.609136,-0.0067169955,-0.0067169955,-103.96342,65.243904,-154.51219,-76.200005,-40.800003,-22.2
1900,-5.8055277,-0.0069521763,-0.0069521763,-101.03659,57.621952,-141.82927,-76.200005,-42.600002,-22.2
1910,-5.8031325,-0.0069493083,-0.0069493083,-92.98781,52.621952,-133.53659,-77.4,-43.2,-23.400002
1920,-7.031778,-0.008420623,-0.008420623,-84.69512,51.341465,-129.69513,-78.0,-45.0,-22.800001
1930,-8.246053,-0.009874729,-0.009874729,-76.28049,57.37805,-125.243904,-78.600006,-44.4,-22.2
1940,-7.9562554,-0.009527694,-0.009527694,-69.81708,68.90244,-120.85366,-77.4,-46.800003,-22.2
1950,-6.696475,-0.008019094,-0.008019094,-61.52439,75.54878,-115.97561,-79.200005,-46.800003,-22.2
1960,-6.0019193,-0.007187357,-0.007187357,-55.243904,76.03659,-109.02439,-79.8,-47.4,-24.0
1970,-5.7145166,-0.0068431897,-0.0068431897,-47.80488,74.39024,-101.15854,-79.200005,-48.0,-24.6
1980,-5.3863993,-0.006450266,-0.006450266,-37.19512,69.87805,-92.19512,-80.4,-48.600002,-25.2
1990,-5.609136,-0.0067169955,-0.0067169955,-25.0,65.30488,-84.5122,-80.4,-50.4,-24.6
2000,-6.183941,-0.00740533,-0.00740533,-12.682927,62.68293,-76.95122,-79.200005,-50.4,-27.6
2010,-6.3899126,-0.0076519833,-0.0076519833,-2.8658538,62.865856,-70.914635,-80.4,-50.4,-27.000002
2020,-5.5253105,-0.0066166134,-0.0066166134,1.5853659,62.68293,-65.30488,-80.4,-51.600002,-28.2
2030,-4.8187795,-0.0057705357,-0.0057705357,3.5975611,59.268295,-59.69512,-81.0,-52.2,-27.000002
2040,-4.9145803,-0.0058852583,-0.0058852583,9.573171,54.939026,-52.439026,-81.0,-53.4,-30.000002
2050,-5.7839723,-0.0069263633,-0.0069263633,19.87805,50.548782,-43.536587,-80.4,-54.000004,-29.400002
2060,-6.7898808,-0.008130949,-0.008130949,30.609756,48.048782,-35.792683,-80.4,-54.000004,-29.400002
2070,-6.6365995,-0.007947393,-0.007947393,36.82927,45.243904,-29.512196,-81.600006,-54.000004,-30.6
2080,-5.968389,-0.0071472046,-0.0071472046,38.170734,38.963417,-25.731709,-81.600006,-54.000004,-31.2
2090,-6.0210795,-0.0072103017,-0.0072103017,35.182926,31.40244,-22.37805,-81.600006,-54.000004,-31.800001
2100,-6.5192432,-0.0078068576,-0.0078068576,31.341465,26.036587,-16.768293,-81.600006,-55.800003,-31.2
2110,-6.588699,-0.007890032,-0.007890032,26.95122,21.82927,-10.670732,-81.0,-55.2,-31.800001
2120,-6.480923,-0.007760969,-0.007760969,22.317074,15.182927,-4.268293,-82.200005,-55.2,-33.0
2130,-7.359895,-0.008813547,-0.008813547,18.109756,8.231708,-0.5487805,-80.4,-55.2,-32.4
2140,-7.92512,-0.009490409,-0.009490409,10.121951,4.1463413,2.0731707,-81.0,-55.800003,-33.0
2150,-7.082073,-0.0084808525,-0.0084808525,1.2804878,-1.2804878,3.0487804,-81.600006,-55.800003,-32.4
2160,-6.7970657,-0.008139553,-0.008139553,-5.7317076,-10.121951,3.7195122,-81.600006,-54.600002,-32.4
2170,-7.6281376,-0.009134769,-0.009134769,-10.670732,-15.426829,5.182927,-81.0,-55.2,-32.4
2180,-7.846084,-0.009395762,-0.009395762,-11.219512,-17.5,8.231708,-81.600006,-55.800003,-32.4
2190,-7.7143583,-0.00923802,-0.00923802,-6.158537,-19.939024,10.670732,-80.4,-54.600002,-31.800001
2200,-8.183782,-0.009800158,-0.009800158,0.18292683,-21.585367,13.231708,-81.0,-55.800003,-31.800001
2210,-8.490345,-0.010167272,-0.010167272,6.097561,-20.060976,15.6707325,-82.200005,-54.000004,-31.2
2220,-8.399334,-0.010058285,-0.010058285,11.646341,-17.073172,18.231709,-82.200005,-56.4,-31.2
2230,-8.008945,-0.009590791,-0.009590791,17.682928,-13.780488,22.195122,-81.600006,-55.2,-31.800001
2240,-7.5155716,-0.008999971,-0.008999971,25.182928,-11.646341,28.353659,-82.200005,-54.600002,-31.800001
2250,-7.7311234,-0.009258096,-0.009258096,35.365856,-9.695122,36.768295,-81.0,-54.000004,-31.800001
2260,-7.671248,-0.0091863945,-0.0091863945,46.036587,-5.182927,45.914635,-81.600006,-53.4,-30.6
2270,-7.1635036,-0.008578366,-0.008578366,56.28049,-1.8292683,55.975613,-81.600006,-53.4,-31.2
2280,-6.8593364,-0.008214123,-0.008214123,66.03659,-1.5243902,63.841465,-81.600006,-53.4,-33.0
2290,-6.9958525,-0.008377602,-0.008377602,77.19512,-2.0731707,68.65854,-80.4,-52.2,-31.2
2300,-7.067703,-0.0084636435,-0.0084636435,91.585365,-1.7682927,74.268295,-80.4,-52.800003,-31.800001
2310,-7.0245924,-0.008412018,-0.008412018,105.36585,0.06097561,81.15854,-79.8,-51.600002,-32.4
2320,-6.962322,-0.008337449,-0.008337449,119.7561,1.4634147,87.560974,-79.8,-52.2,-31.2
2330,-7.094048,-0.008495192,-0.008495192,130.18292,3.7804878,95.30488,-80.4,-51.600002,-33.0
2340,-6.8042507,-0.008148157,-0.008148157,131.34146,6.0365853,105.426834,-79.200005,-51.000004,-33.600002
2350,-6.0043144,-0.0071902256,-0.0071902256,124.32927,5.0609756,111.768295,-79.8,-51.000004,-33.0
2360,-5.400769,-0.006467474,-0.006467474,115.79269,2.1341465,116.70732,-79.200005,-49.2,-33.600002
2370,-5.6785917,-0.006800169,-0.006800169,114.7561,1.9512196,120.243904,-79.8,-48.600002,-33.600002
2380,-6.5168486,-0.00780399,-0.00780399,123.65854,3.5975611,125.243904,-79.200005,-48.600002,-33.0
2390,-6.7683253,-0.008105136,-0.008105136,139.2683,7.1951222,132.13416,-78.0,-48.0,-34.800003
2400,-6.71803,-0.008044907,-0.008044907,158.04878,9.329268,140.54878,-77.4,-46.800003,-34.2
2410,-7.048543,-0.008440699,-0.008440699,176.46342,11.829268,147.68294,-76.8,-46.2,-34.2
2420,-7.33355,-0.008781998,-0.008781998,193.2927,18.47561,154.63416,-77.4,-46.2,-36.0
2430,-7.0006423,-0.008383338,-0.008383338,203.71951,27.195122,161.82927,-76.200005,-46.800003,-37.2
2440,-6.349197,-0.0076032258,-0.0076032258,207.92683,33.59756,166.21951,-76.200005,-45.600002,-38.4
2450,-6.0737696,-0.007273399,-0.007273399,202.56097,38.841465,167.01219,-75.0,-44.4,-38.4
2460,-5.9564137,-0.007132864,-0.007132864,190.36586,41.09756,165.7927,-74.4,-43.2,-39.0
2470,-5.601951,-0.0067083915,-0.0067083915,173.17073,40.609756,166.95122,-73.200005,-43.2,-39.600002
2480,-4.9313455,-0.0059053344,-0.0059053344,153.90244,38.170734,172.68294,-73.8,-42.600002,-40.800003
2490,-4.1888895,-0.005016236,-0.005016236,131.5244,34.146343,177.37805,-72.600006,-41.4,-42.600002
2500,-3.5661843,-0.0042705406,-0.0042705406,108.96342,29.390245,180.36586,-71.4,-42.0,-43.2
2510,-3.5805542,-0.004287749,-0.004287749,91.15854,25.0,182.07318,-69.600006,-41.4,-42.0
2520,-4.4906616,-0.005377611,-0.005377611,81.768295,23.292683,183.10976,-70.200005,-41.4,-43.2
2530,-5.3001785,-0.006347016,-0.006347016,80.060974,26.158537,185.42683,-69.0,-40.800003,-43.800003
2540,-5.5540504,-0.00665103,-0.00665103,85.426834,31.40244,189.20732,-67.200005,-39.0,-44.4
2550,-5.1804276,-0.006203613,-0.006203613,91.28049,37.682926,192.80489,-66.600006,-37.2,-44.4
2560,-4.366121,-0.0052284724,-0.0052284724,92.439026,42.92683,197.37805,-65.4,-37.2,-45.600002
2570,-3.767366,-0.004511458,-0.004511458,87.743904,46.341465,201.7683,-66.600006,-38.4,-46.2
2580,-3.4823585,-0.0041701584,-0.0041701584,77.0122,48.780487,204.14635,-64.200005,-36.0,-45.600002
2590,-3.6763551,-0.0044024712,-0.0044024712,68.35366,51.463417,204.5122,-61.2,-36.600002,-45.600002
2600,-4.2272096,-0.005062125,-0.005062125,64.756096,54.390244,205.60976,-61.2,-36.0,-47.4
2610,-4.0978785,-0.0049072495,-0.0049072495,62.743904,58.90244,208.35367,-59.4,-36.0,-46.800003
2620,-2.9674294,-0.0035535258,-0.0035535258,59.08537,62.92683,210.7927,-58.800003,-34.2,-47.4
2630,-1.8513502,-0.0022170101,-0.0022170101,53.90244,63.90244,211.95122,-57.600002,-34.800003,-48.600002
2640,-1.089734,-0.0013049671,-0.0013049671,44.817074,67.0122,214.7561,-56.4,-34.2,-48.600002
2650,-0.52690434,-0.00063097314,-0.00063097314,31.585367,69.20732,218.71951,-53.4,-33.600002,-48.600002
2660,-0.29937744,-0.00035850742,-0.00035850742,20.0,70.060974,221.95122,-52.800003,-33.0,-49.800003
2670,-0.37362307,-0.0004474173,-0.0004474173,14.634147,71.95122,222.5,-51.600002,-33.600002,-48.600002
2680,-0.07424561,-8.8909845e-05,-8.8909845e-05,16.707317,76.097565,224.39024,-50.4,-31.2,-48.600002
2690,0.82388675,0.0009866125,0.0009866125,24.207317,81.585365,226.5244,-47.4,-30.6,-50.4
2700,1.4873072,0.001781065,0.001781065,33.23171,86.46342,226.28049,-45.0,-31.800001,-49.800003
2710,1.4370118,0.0017208358,0.0017208358,42.682926,90.121956,223.96342,-45.0,-31.2,-50.4
2720,1.0825489,0.0012963628,0.0012963628,48.109756,96.82927,222.62196,-43.2,-31.2,-49.2
2730,0.92926764,0.0011128071,0.0011128071,52.743904,106.15854,222.0122,-40.800003,-31.800001,-49.800003
2740,1.3148658,0.0015745647,0.0015745647,58.963417,116.951225,222.92683,-39.600002,-30.6,-50.4
2750,2.0261867,0.0024263784,0.0024263784,68.29269,127.86586,222.98781,-37.2,-31.2,-51.000004
2760,2.818938,0.003375706,0.003375706,76.40244,138.71951,224.57318,-34.800003,-31.2,-51.000004
2770,3.8487966,0.0046089715,0.0046089715,79.939026,148.41464,224.08537,-32.4,-32.4,-51.000004
2780,5.017566,0.006008585,0.006008585,74.39024,157.2561,223.59756,-31.800001,-31.800001,-51.600002
2790,5.8007374,0.00694644,0.00694644,59.69512,161.70732,224.7561,-30.6,-33.0,-51.600002
2800,5.8845634,0.0070468225,0.0070468225,39.878048,160.67073,226.7683,-27.000002,-33.600002,-50.4
2810,5.8510327,0.007006669,0.007006669,19.939024,161.28049,231.95122,-24.6,-34.2,-53.4
2820,6.3779373,0.0076376423,0.0076376423,7.3170733,162.31708,235.60976,-22.800001,-35.4,-51.000004
2830,7.4101906,0.008873776,0.008873776,4.634146,165.30489,235.18294,-21.0,-34.800003,-51.000004
2840,8.471185,0.010144327,0.010144327,4.268293,171.7683,232.2561,-19.2,-35.4,-48.600002
2850,10.169253,0.01217778,0.01217778,3.9634147,182.56097,225.67073,-16.2,-38.4,-49.2
2860,11.00751,0.013181602,0.013181602,10.0,188.41464,217.19513,-15.000001,-37.2,-49.800003
2870,9.7142,0.011632849,0.011632849,14.878049,183.17073,213.59756,-12.0,-39.600002,-48.0
2880,7.7550735,0.009286777,0.009286777,10.792684,182.31708,215.7317,-9.6,-39.600002,-47.4
2890,7.3934255,0.0088537,0.0088537,8.170732,189.0244,217.37805,-8.400001,-39.600002,-45.600002
2900,9.896221,0.011850822,0.011850822,9.756098,200.18294,213.2927,-6.0,-40.800003,-43.2
2910,13.414505,0.016064001,0.016064001,15.914635,216.34146,207.74391,-6.0,-42.600002,-44.4
2920,15.347286,0.018378526,0.018378526,35.487804,226.21951,194.14635,-3.6000001,-43.800003,-42.600002
2930,14.305452,0.017130919,0.017130919,58.109756,227.68294,181.64635,-1.8000001,-44.4,-40.800003
2940,9.80521,0.011741836,0.011741836,72.68293,222.31708,173.35367,-0.6,-45.600002,-39.600002
2950,6.715635,0.008042038,0.008042038,75.60976,231.15854,172.80489,1.8000001,-45.0,-39.600002
2960,7.1539235,0.008566894,0.008566894,78.47561,238.90245,171.34146,3.6000001,-46.800003,-37.2
2970,8.993299,0.010769564,0.010769564,85.67073,244.81708,161.46342,4.8,-48.0,-34.2
2980,11.524835,0.0138011025,0.0138011025,90.36585,258.23172,145.7317,6.0,-50.4,-33.600002
2990,16.583117,0.019858444,0.019858444,98.71951,277.07318,130.12195,7.2000003,-51.600002,-31.2
3000,20.000809,0.023951165,0.023951165,108.90244,280.42685,115.426834,7.8,-52.800003,-30.6
3010,19.402054,0.02323415,0.02323415,126.768295,260.06097,99.32927,10.200001,-55.2,-29.400002
3020,13.898299,0.01664335,0.01664335,128.96342,245.18294,81.89024,9.6,-54.600002,-25.800001
3030,10.164463,0.012172044,0.012172044,115.18293,252.2561,77.86585,10.8,-54.600002,-23.400002
3040,10.602752,0.0126968995,0.0126968995,92.68293,249.45123,70.0,10.8,-55.800003,-19.800001
3050,13.002562,0.0155706955,0.0155706955,64.87805,240.36586,55.914635,12.0,-57.000004,-19.800001
3060,15.452666,0.01850472,0.01850472,38.719513,235.36586,40.182926,12.6,-57.000004,-17.400002
3070,18.661993,0.02234792,0.02234792,19.085367,229.0244,29.817074,12.6,-57.600002,-16.800001
3080,20.877386,0.025000874,0.025000874,3.7804878,216.34146,25.060976,12.6,-56.4,-14.400001
3090,20.395987,0.024424395,0.024424395,-7.1341467,198.78049,22.073172,13.200001,-55.800003,-12.6
3100,17.536333,0.02099993,0.02099993,-14.512196,183.78049,18.59756,14.400001,-56.4,-10.200001
3110,14.755716,0.017670115,0.017670115,-23.170732,177.80489,20.243902,13.200001,-57.600002,-9.0
3120,13.404925,0.01605253,0.01605253,-24.573172,172.98781,22.743902,13.8,-57.000004,-6.6000004
3130,12.885205,0.01543016,0.01543016,-23.414635,165.7317,23.780489,13.8,-57.000004,-6.6000004
3140,12.511582,0.014982742,0.014982742,-24.756098,157.92683,22.865854,13.200001,-57.600002,-4.2000003
3150,12.054133,0.014434943,0.014434943,-25.731709,151.64635,18.170732,13.200001,-57.000004,-1.2
3160,11.615846,0.01391009,0.01391009,-21.646341,149.7561,11.768293,13.200001,-58.2,-1.8000001
3170,11.043435,0.013224622,0.013224622,-10.853659,150.54878,7.0731707,13.200001,-57.000004,1.8000001
3180,10.676997,0.012785809,0.012785809,8.353659,154.08537,6.9512196,12.6,-57.600002,2.4
3190,10.358459,0.012404357,0.012404357,37.317074,160.7317,7.5609756,12.0,-56.4,3.0
3200,10.439891,0.012501872,0.012501872,69.14634,167.62195,9.02439,11.400001,-58.2,4.2000003
3210,11.323653,0.013560186,0.013560186,100.36585,169.45122,12.804878,10.200001,-57.000004,5.4
3220,12.672049,0.015174903,0.015174903,123.53659,161.03659,14.695123,10.200001,-57.000004,7.2000003
3230,13.371394,0.016012376,0.016012376,127.56098,144.39024,15.365854,9.6,-57.000004,8.400001
3240,12.87802,0.015421555,0.015421555,113.47561,125.243904,11.8902445,10.8,-55.800003,9.0
3250,12.231365,0.01464718,0.01464718,84.81708,106.768295,3.3536587,11.400001,-55.800003,10.8
3260,11.558365,0.013841256,0.013841256,59.207317,97.19512,-0.30487806,10.8,-55.800003,12.0
3270,10.950029,0.013112768,0.013112768,55.42683,91.768295,-4.3292685,10.8,-55.2,12.0
3280,11.247012,0.013468407,0.013468407,76.15854,92.0122,2.682927,9.6,-55.2,13.200001
3290,11.814631,0.0141481375,0.0141481375,104.5122,89.63415,13.170732,10.8,-54.600002,15.000001
3300,12.216995,0.014629972,0.014629972,125.85366,80.79269,16.890244,9.0,-53.4,14.400001
3310,12.20981,0.014621368,0.014621368,131.70732,66.52439,17.37805,8.400001,-54.600002,15.000001
3320,11.975099,0.014340298,0.014340298,123.65854,47.19512,18.90244,8.400001,-52.800003,15.6
3330,11.263778,0.013488485,0.013488485,106.52439,28.414635,18.414635,9.0,-52.800003,15.6
3340,10.425521,0.012484663,0.012484663,80.30488,12.195122,15.731708,9.0,-52.800003,16.2
3350,10.032737,0.012014301,0.012014301,45.548782,-2.6219513,8.780488,9.0,-51.600002,16.2
3360,10.140513,0.012143364,0.012143364,7.865854,-18.292683,-1.4634147,8.400001,-52.2,15.6
3370,9.877061,0.011827878,0.011827878,-25.0,-32.19512,-10.731708,7.8,-52.2,15.000001
3380,9.182506,0.010996141,0.010996141,-47.92683,-40.243904,-17.073172,9.6,-52.2,15.6
3390,8.50711,0.010187347,0.010187347,-59.512196,-42.439026,-21.036587,8.400001,-52.800003,14.400001
3400,7.9347,0.009501881,0.009501881,-60.487804,-40.121952,-22.682928,8.400001,-50.4,15.6
3410,7.3862405,0.0088450955,0.0088450955,-53.35366,-33.90244,-22.682928,7.2000003,-51.600002,13.8
3420,7.216194,0.008641464,0.008641464,-42.439026,-26.463415,-22.682928,8.400001,-52.2,15.000001
3430,7.3311553,0.008779131,0.008779131,-29.756098,-19.207317,-21.524391,7.8,-53.4,13.8
3440,7.446116,0.008916797,0.008916797,-15.243903,-12.012196,-19.756098,9.6,-51.600002,14.400001
3450,7.5395217,0.009028651,0.009028651,-0.6097561,-4.3292685,-17.865854,8.400001,-52.2,15.000001
3460,7.8269243,0.009372818,0.009372818,9.146341,1.3414634,-16.768293,8.400001,-52.800003,14.400001
3470,8.447234,0.010115646,0.010115646,12.012196,2.7439024,-17.012196,7.8,-52.2,14.400001
3480,8.56938,0.010261917,0.010261917,10.426829,2.804878,-17.195122,9.0,-51.600002,15.000001
3490,8.361013,0.010012396,0.010012396,5.4268293,4.1463413,-16.40244,9.0,-53.4,13.200001
3500,8.272398,0.009906278,0.009906278,-1.3414634,6.097561,-15.0,9.0,-51.600002,13.200001
3510,8.365804,0.010018132,0.010018132,-6.4634147,7.804878,-14.512196,8.400001,-52.2,15.000001
3520,8.339458,0.009986583,0.009986583,-8.658537,9.756098,-13.109756,9.0,-51.000004,13.8
3530,8.4304695,0.01009557,0.01009557,-6.3414636,12.012196,-11.829268,9.0,-51.000004,14.400001
3540,8.6627865,0.010373772,0.010373772,0.91463417,14.878049,-10.060976,7.2000003,-52.800003,15.6
3550,8.907078,0.010666313,0.010666313,10.97561,17.195122,-7.865854,7.8,-52.2,14.400001
3560,8.820857,0.0105630625,0.0105630625,21.09756,19.87805,-4.268293,7.8,-52.2,15.000001
3570,8.823253,0.010565932,0.010565932,29.756098,22.560976,0.6097561,8.400001,-50.4,14.400001
3580,9.050779,0.010838397,0.010838397,35.0,24.024391,5.0,7.8,-50.4,16.2
3590,9.302257,0.011139544,0.011139544,37.743904,23.719513,9.085366,7.8,-51.000004,14.400001
3600,9.872271,0.011822141,0.011822141,35.670734,21.09756,11.158537,8.400001,-51.600002,15.6
3610,10.547667,0.012630934,0.012630934,26.036587,13.841464,10.487805,8.400001,-50.4,15.000001
3620,11.009905,0.013184469,0.013184469,7.256098,1.6463414,6.585366,7.8,-49.800003,15.6
3630,10.95961,0.013124241,0.013124241,-15.54878,-11.585366,1.6463414,6.6000004,-50.4,15.6
3640,10.454261,0.01251908,0.01251908,-36.768295,-22.560976,-2.2560976,8.400001,-50.4,15.6
3650,9.826766,0.011767649,0.011767649,-50.30488,-29.024391,-3.0487804,7.8,-51.600002,16.2
3660,9.364527,0.011214113,0.011214113,-51.768295,-30.792685,-1.5243902,9.0,-51.000004,15.6
3670,9.359736,0.011208376,0.011208376,-45.85366,-29.085367,0.79268295,7.8,-51.600002,14.400001
3680,9.778865,0.011710287,0.011710287,-38.170734,-27.987806,4.634146,7.2000003,-51.000004,16.2
3690,10.523716,0.012602253,0.012602253,-32.378048,-29.573172,7.4390244,8.400001,-51.600002,15.000001
3700,10.96919,0.013135713,0.013135713,-29.085367,-35.243904,10.060976,7.8,-52.2,15.6
3710,10.801538,0.012934948,0.012934948,-28.170732,-42.2561,11.158537,9.0,-51.600002,15.6
3720,10.461446,0.012527684,0.012527684,-31.40244,-49.69512,11.52439,9.0,-52.800003,12.6
3730,10.40157,0.012455982,0.012455982,-39.939026,-57.134148,10.914635,9.0,-52.2,12.6
3740,10.619517,0.012716976,0.012716976,-50.487804,-65.54878,10.426829,9.0,-52.800003,12.6
3750,10.904525,0.013058276,0.013058276,-63.23171,-75.18293,10.060976,9.0,-53.4,13.200001
3760,11.400293,0.013651963,0.013651963,-76.70732,-84.63415,10.365854,9.6,-52.800003,12.0
3770,11.984678,0.01435177,0.01435177,-88.47561,-94.63415,9.146341,9.6,-54.000004,12.6
3780,12.006233,0.014377582,0.014377582,-95.67073,-104.63415,8.231708,10.200001,-54.600002,10.8
3790,11.194322,0.01340531,0.01340531,-94.69512,-110.73171,7.1951222,10.200001,-54.600002,9.0
3800,10.43031,0.012490399,0.012490399,-85.67073,-112.5,7.1341467,9.6,-55.2,10.8
3810,10.384805,0.012435906,0.012435906,-73.84147,-112.19512,8.231708,11.400001,-56.4,7.2000003
3820,10.933265,0.013092692,0.013092692,-61.40244,-115.243904,8.47561,11.400001,-56.4,7.8
3830,11.364368,0.013608943,0.013608943,-55.121952,-121.64635,7.5609756,10.8,-55.800003,7.2000003
3840,11.302097,0.013534373,0.013534373,-54.085365,-128.65854,6.097561,12.0,-57.000004,4.8
3850,11.220667,0.013436859,0.013436859,-57.012196,-134.45122,3.902439,12.6,-58.2,5.4
3860,11.448194,0.013709324,0.013709324,-61.341465,-139.63416,2.0731707,13.200001,-57.600002,4.2000003
3870,11.754756,0.014076436,0.014076436,-65.97561,-146.34146,-0.36585367,13.200001,-58.2,1.8000001
3880,11.934382,0.01429154,0.01429154,-69.756096,-153.59756,-3.1707318,12.6,-57.600002,1.2
3890,12.082874,0.014469361,0.014469361,-71.95122,-160.91464,-6.52439,14.400001,-57.600002,0.0
3900,12.032578,0.01440913,0.01440913,-71.40244,-167.80489,-10.060976,13.200001,-58.800003,-1.8000001
3910,11.515254,0.01378963,0.01378963,-67.31708,-171.09756,-14.146341,14.400001,-58.2,-3.6000001
3920,11.045831,0.013227491,0.013227491,-60.975613,-168.71951,-18.170732,12.6,-58.800003,-4.2000003
3930,11.285333,0.013514297,0.013514297,-53.048782,-166.28049,-21.524391,13.8,-58.800003,-6.6000004
3940,11.994258,0.014363241,0.014363241,-44.512196,-165.48781,-25.121952,13.8,-58.800003,-7.2000003
3950,12.593013,0.015080256,0.015080256,-35.060978,-167.43903,-30.121952,13.8,-58.800003,-9.0
3960,12.628939,0.015123278,0.015123278,-30.243902,-174.32927,-34.207317,13.200001,-58.800003,-10.8
3970,12.245735,0.014664388,0.014664388,-34.085365,-181.95122,-37.621952,12.6,-58.2,-11.400001
3980,12.154725,0.014555403,0.014555403,-49.32927,-189.45122,-42.317074,13.8,-58.800003,-13.8
3990,12.305611,0.01473609,0.01473609,-73.65854,-198.2317,-50.975613,13.200001,-57.600002,-15.000001
4000,12.691209,0.015197847,0.015197847,-104.451225,-207.92683,-62.012196,12.0,-58.2,-16.2
4010,12.231365,0.01464718,0.01464718,-133.47562,-220.54878,-75.426834,13.8,-56.4,-18.6
4020,10.775193,0.0129034,0.0129034,-154.0244,-227.43903,-88.04878,12.0,-56.4,-19.800001
4030,9.6615095,0.011569752,0.011569752,-163.2317,-225.85367,-96.40244,11.400001,-55.800003,-21.0
4040,9.321417,0.011162488,0.011162488,-159.08537,-220.7927,-102.19512,10.200001,-55.2,-22.800001
4050,9.357342,0.011205508,0.011205508,-144.69513,-213.96342,-105.97561,10.200001,-53.4,-25.2
4060,9.362132,0.011211245,0.011211245,-129.20732,-207.13416,-111.03659,10.200001,-52.2,-26.400002
4070,9.453142,0.011320231,0.011320231,-121.768295,-203.65854,-118.84147,9.0,-52.2,-28.2
4080,9.486672,0.011360384,0.011360384,-126.951225,-205.0,-129.51219,7.2000003,-49.800003,-30.000002
4090,9.328602,0.011171092,0.011171092,-144.7561,-207.19513,-141.28049,6.6000004,-49.2,-30.6
4100,9.256751,0.01108505,0.01108505,-172.37805,-212.31708,-153.65854,6.6000004,-46.800003,-32.4
4110,9.017249,0.010798245,0.010798245,-207.19513,-216.40245,-167.56097,4.8,-45.600002,-34.2
4120,8.53106,0.010216028,0.010216028,-240.48781,-217.92683,-182.56097,4.2000003,-43.800003,-34.800003
4130,8.023315,0.009607999,0.009607999,-268.35367,-215.97562,-197.37805,1.8000001,-42.600002,-34.800003
4140,7.0198026,0.008406282,0.008406282,-286.2195,-210.48781,-209.63416,0.6,-39.0,-35.4
4150,5.8342676,0.006986593,0.006986593,-295.06097,-200.42683,-218.78049,-0.6,-37.2,-35.4
4160,4.5840673,0.005489466,0.005489466,-291.34146,-184.7561,-225.85367,-2.4,-36.0,-34.800003
4170,4.026028,0.0048212083,0.0048212083,-280.36588,-166.82927,-228.84146,-4.2000003,-34.2,-34.800003
4180,3.9565725,0.0047380347,0.0047380347,-265.30487,-147.74391,-229.69513,-6.0,-30.6,-34.2
4190,3.923042,0.004697881,0.004697881,-248.2927,-132.31708,-232.0122,-9.0,-29.400002,-33.0
4200,3.7434156,0.004482777,0.004482777,-234.0244,-118.23171,-232.56097,-10.200001,-27.000002,-32.4
4210,3.3650026,0.0040296237,0.0040296237,-221.21951,-103.597565,-231.15854,-10.200001,-25.2,-30.6
4220,2.794988,0.0033470255,0.0033470255,-208.59756,-89.02439,-229.14635,-12.0,-24.6,-28.800001
4230,2.3471193,0.0028106985,0.0028106985,-195.67073,-72.560974,-225.42683,-15.000001,-22.800001,-28.800001
4240,2.0357666,0.0024378505,0.0024378505,-180.85367,-57.19512,-221.64635,-16.800001,-22.2,-27.000002
4250,1.9016455,0.0022772392,0.0022772392,-164.2683,-42.012196,-218.2927,-17.400002,-20.400002,-27.000002
4260,1.6525636,0.001978961,0.001978961,-146.46342,-27.439026,-213.65854,-19.2,-19.2,-25.800001
4270,1.3915064,0.0016663426,0.0016663426,-127.743904,-12.865854,-209.08537,-21.0,-18.6,-24.6
4280,1.4250367,0.0017064954,0.0017064954,-111.15854,-0.06097561,-204.39024,-23.400002,-18.0,-23.400002
4290,1.4897022,0.001783933,0.001783933,-96.89024,8.841464,-201.40245,-24.6,-17.400002,-22.2
4300,1.5376027,0.0018412942,0.0018412942,-86.64635,17.37805,-199.14635,-27.000002,-17.400002,-22.800001
4310,1.4968873,0.0017925373,0.0017925373,-79.32927,22.92683,-196.64635,-27.6,-16.800001,-21.6
4320,1.0466236,0.001253342,0.001253342,-75.426834,26.707317,-193.78049,-28.800001,-16.800001,-21.0
4330,0.48139894,0.00057647994,0.00057647994,-73.35366,31.890245,-191.70732,-30.000002,-17.400002,-20.400002
4340,0.21794678,0.0002609934,0.0002609934,-73.47561,37.865856,-189.32927,-33.0,-16.2,-21.0
4350,0.023950197,2.8680595e-05,2.8680595e-05,-73.35366,43.414635,-188.41464,-33.0,-16.2,-20.400002
4360,-0.3520679,-0.00042160475,-0.00042160475,-70.18293,47.439026,-186.64635,-35.4,-16.800001,-18.6
4370,-0.57959473,-0.00069407036,-0.00069407036,-66.89024,51.09756,-183.59756,-36.0,-18.0,-19.800001
4380,-0.7089258,-0.0008489456,-0.0008489456,-65.0,53.292683,-179.93903,-37.800003,-17.400002,-19.2
4390,-0.97956306,-0.0011730364,-0.0011730364,-66.64634,52.012196,-177.19513,-37.800003,-16.800001,-16.800001
4400,-1.4346168,-0.0017179677,-0.0017179677,-73.96342,51.585365,-174.57318,-40.800003,-17.400002,-17.400002
4410,-1.6836988,-0.0020162459,-0.0020162459,-85.48781,53.414635,-173.10976,-42.0,-17.400002,-16.2
4420,-2.0333717,-0.0024349825,-0.0024349825,-97.31708,57.987804,-172.07318,-43.2,-18.0,-15.6
4430,-1.9878663,-0.0023804894,-0.0023804894,-109.02439,62.743904,-172.01219,-45.0,-17.400002,-16.800001
4440,-1.7148341,-0.0020535307,-0.0020535307,-115.426834,68.65854,-170.60976,-46.2,-18.6,-16.2
4450,-1.7842896,-0.0021367043,-0.0021367043,-113.90244,72.13415,-168.53659,-47.4,-18.6,-15.6
4460,-2.4213648,-0.002899608,-0.002899608,-107.37805,77.13415,-165.42683,-49.800003,-20.400002,-13.200001
4470,-3.1063404,-0.003719873,-0.003719873,-97.743904,81.03659,-160.06097,-50.4,-20.400002,-13.200001
4480,-3.7506008,-0.0044913813,-0.0044913813,-87.86585,83.84147,-151.95122,-51.600002,-21.0,-13.200001
4490,-4.493057,-0.0053804796,-0.0053804796,-79.63415,86.097565,-145.30489,-53.4,-21.6,-13.8
4500,-4.981641,-0.005965564,-0.005965564,-74.756096,88.17073,-139.93903,-52.2,-22.2,-13.200001
4510,-5.094207,-0.0061003626,-0.0061003626,-74.45122,89.939026,-136.82927,-54.000004,-21.6,-12.0
4520,-4.981641,-0.005965564,-0.005965564,-77.31708,91.46342,-135.91464,-55.2,-23.400002,-13.8
4530,-4.687053,-0.0056127924,-0.0056127924,-82.0122,90.85366,-136.46342,-57.000004,-23.400002,-12.6
4540,-4.636758,-0.005552563,-0.005552563,-86.03659,90.85366,-134.81708,-58.800003,-25.2,-12.0
4550,-5.094207,-0.0061003626,-0.0061003626,-87.0122,89.20732,-131.95122,-60.000004,-25.2,-11.400001
4560,-5.5660257,-0.0066653704,-0.0066653704,-84.57317,89.451225,-127.98781,-60.000004,-26.400002,-11.400001
4570,-5.6187162,-0.006728468,-0.006728468,-77.743904,91.097565,-124.87805,-61.800003,-26.400002,-12.0
4580,-5.7552323,-0.0068919472,-0.0068919472,-68.17073,93.47561,-122.07317,-61.800003,-27.000002,-12.6
4590,-6.0114994,-0.0071988297,-0.0071988297,-57.5,98.414635,-122.743904,-63.000004,-27.6,-13.200001
4600,-5.613926,-0.0067227315,-0.0067227315,-49.390244,101.585365,-124.7561,-64.200005,-28.2,-12.6
4610,-5.031936,-0.006025793,-0.006025793,-45.30488,103.10976,-127.439026,-64.8,-28.800001,-11.400001
4620,-4.775669,-0.0057189106,-0.0057189106,-46.95122,101.89024,-128.96342,-66.600006,-29.400002,-12.0
4630,-4.8211746,-0.005773404,-0.005773404,-52.37805,100.30488,-127.5,-66.0,-30.6,-15.000001
4640,-5.158872,-0.0061778002,-0.0061778002,-57.37805,100.67073,-125.30488,-67.8,-31.800001,-13.8
4650,-5.4366946,-0.006510495,-0.006510495,-63.35366,102.37805,-124.268295,-67.8,-33.0,-15.000001
4660,-5.336104,-0.006390037,-0.006390037,-70.60976,105.121956,-127.439026,-70.200005,-33.0,-16.800001
4670,-4.775669,-0.0057189106,-0.0057189106,-78.35366,106.28049,-129.93903,-70.200005,-33.600002,-14.400001
4680,-4.687053,-0.0056127924,-0.0056127924,-82.560974,106.951225,-128.96342,-69.0,-35.4,-15.000001
4690,-4.9624805,-0.005942619,-0.005942619,-78.71951,107.743904,-125.54878,-70.8,-34.800003,-15.6
4700,-5.264253,-0.006303995,-0.006303995,-71.34147,109.5122,-118.17074,-72.0,-36.600002,-16.2
4710,-5.9085135,-0.007075503,-0.007075503,-65.30488,112.37805,-110.243904,-72.600006,-37.2,-16.800001
4720,-6.224656,-0.0074540866,-0.0074540866,-61.707317,115.60976,-106.21951,-73.8,-38.4,-16.2
4730,-6.581514,-0.007881427,-0.007881427,-58.65854,118.04878,-104.7561,-75.0,-39.0,-16.2
4740,-6.8689165,-0.008225595,-0.008225595,-54.939026,121.03659,-103.47561,-74.4,-40.800003,-17.400002
4750,-6.318062,-0.007565941,-0.007565941,-49.512196,122.743904,-100.30488,-74.4,-39.600002,-18.0
4760,-5.8103175,-0.0069579124,-0.0069579124,-41.82927,121.52439,-96.21951,-74.4,-39.600002,-18.0
4770,-5.8342676,-0.006986593,-0.006986593,-30.97561,120.426834,-88.47561,-74.4,-40.2,-18.6
4780,-5.5564456,-0.006653898,-0.006653898,-19.32927,120.73171,-82.5,-73.8,-40.2,-18.6
4790,-5.616321,-0.0067255995,-0.0067255995,-10.243902,117.68293,-81.03659,-76.200005,-42.0,-20.400002
4800,-5.8055277,-0.0069521763,-0.0069521763,-6.158537,113.04878,-79.63415,-76.200005,-42.0,-21.6
4810,-5.3935843,-0.00645887,-0.00645887,-4.5731707,106.28049,-77.0122,-77.4,-43.800003,-22.800001
4820,-5.0558863,-0.0060544736,-0.0060544736,-1.9512196,96.70732,-73.10976,-76.200005,-42.600002,-24.0
4830,-5.4319043,-0.0065047587,-0.0065047587,1.8902439,88.96342,-68.78049,-78.0,-44.4,-24.6
4840,-6.231841,-0.007462691,-0.007462691,7.5609756,85.54878,-63.90244,-78.600006,-45.600002,-25.2
4850,-6.7395854,-0.008070719,-0.008070719,11.585366,83.10976,-61.036587,-77.4,-45.600002,-25.800001
4860,-6.478528,-0.007758101,-0.007758101,12.195122,78.90244,-57.134148,-78.0,-46.2,-26.400002
4870,-5.860613,-0.0070181414,-0.0070181414,10.609756,74.63415,-52.987804,-78.0,-47.4,-27.000002
4880,-5.47262,-0.0065535163,-0.0065535163,9.329268,69.14634,-47.073174,-78.600006,-46.2,-27.6
4890,-5.927674,-0.0070984475,-0.0070984475,9.268292,64.02439,-38.90244,-79.200005,-48.0,-28.800001
4900,-6.4258375,-0.0076950034,-0.0076950034,6.768293,60.548782,-32.743904,-79.200005,-46.800003,-28.800001
4910,-6.303692,-0.0075487327,-0.0075487327,1.8902439,56.707317,-29.085367,-78.600006,-47.4,-28.2
4920,-5.9085135,-0.007075503,-0.007075503,-2.4390244,52.073174,-26.158537,-78.600006,-46.800003,-29.400002
4930,-5.630691,-0.006742808,-0.006742808,-2.9268293,46.341465,-22.743902,-79.8,-48.600002,-30.6
4940,-6.013894,-0.007201697,-0.007201697,1.1585366,41.463417,-18.90244,-79.200005,-46.800003,-30.6
4950,-6.3851223,-0.007646247,-0.007646247,9.817074,37.621952,-14.634147,-78.0,-48.0,-31.2
4960,-6.6509695,-0.007964601,-0.007964601,18.719513,33.17073,-10.731708,-79.200005,-49.2,-31.2
4970,-6.9311867,-0.008300164,-0.008300164,26.524391,30.304878,-8.658537,-79.200005,-49.800003,-33.0
4980,-7.2616997,-0.008695956,-0.008695956,32.621952,28.109756,-7.012195,-78.0,-48.600002,-31.800001
4990,-7.443721,-0.008913929,-0.008913929,36.52439,25.670732,-4.8170733,-78.600006,-48.0,-33.0
5000,-7.2760696,-0.008713164,-0.008713164,33.47561,21.280489,-2.378049,-78.600006,-48.600002,-34.2
5010,-6.8737063,-0.008231331,-0.008231331,21.158537,13.658537,-1.2804878,-79.200005,-50.4,-34.2
5020,-6.6342044,-0.007944525,-0.007944525,4.085366,4.5731707,-1.7682927,-78.600006,-49.2,-34.2
5030,-7.0102224,-0.00839481,-0.00839481,-7.804878,-2.682927,-1.8292683,-78.600006,-51.000004,-33.600002
5040,-7.391031,-0.008850832,-0.008850832,-12.012196,-6.9512196,-0.42682928,-78.600006,-50.4,-34.2
5050,-7.2736745,-0.008710297,-0.008710297,-11.402439,-10.731708,3.3536587,-79.200005,-49.2,-33.600002
5060,-7.5467067,-0.009037255,-0.009037255,-9.085366,-13.963415,6.3414636,-78.600006,-48.600002,-33.600002
5070,-8.159832,-0.009771479,-0.009771479,-3.5365853,-15.487805,9.878049,-78.600006,-50.4,-33.0
5080,-8.50711,-0.010187347,-0.010187347,5.182927,-15.487805,13.597561,-78.600006,-49.2,-33.600002
5090,-8.739427,-0.010465549,-0.010465549,15.853659,-14.329268,17.317074,-78.0,-48.600002,-34.2
5100,-8.715476,-0.010436868,-0.010436868,22.804878,-12.317074,19.512196,-79.200005,-49.2,-33.600002
5110,-8.3250885,-0.009969375,-0.009969375,21.95122,-11.52439,19.87805,-79.200005,-48.600002,-33.600002
5120,-7.8556643,-0.009407235,-0.009407235,16.40244,-12.743903,19.573172,-79.8,-48.600002,-33.0
5130,-7.831714,-0.009378554,-0.009378554,10.487805,-14.45122,19.817074,-78.600006,-48.600002,-33.0
5140,-7.699988,-0.009220812,-0.009220812,7.6219516,-16.707317,19.573172,-78.600006,-47.4,-31.800001
5150,-7.6305327,-0.009137638,-0.009137638,5.8536587,-20.97561,20.365854,-79.200005,-49.800003,-32.4
5160,-8.368198,-0.010021,-0.010021,5.8536587,-23.963415,20.060976,-78.600006,-48.600002,-33.0
5170,-8.988508,-0.010763827,-0.010763827,7.1951222,-23.658537,20.060976,-78.600006,-48.600002,-32.4
5180,-8.892708,-0.010649105,-0.010649105,11.036586,-22.195122,21.646341,-78.0,-47.4,-31.800001
5190,-8.708291,-0.010428264,-0.010428264,14.634147,-20.54878,23.414635,-78.600006,-48.600002,-31.2
5200,-8.665181,-0.01037664,-0.01037664,19.207317,-18.109756,25.0,-79.200005,-47.4,-33.0
5210,-8.624466,-0.010327883,-0.010327883,25.609756,-15.609756,27.012196,-77.4,-46.2,-32.4
5220,-8.734636,-0.010459812,-0.010459812,33.841465,-13.170732,28.170732,-79.200005,-48.0,-31.2
5230,-8.964559,-0.010735147,-0.010735147,42.073174,-9.634147,28.59756,-79.200005,-46.800003,-32.4
5240,-8.737032,-0.010462682,-0.010462682,48.780487,-7.256098,28.658537,-78.600006,-48.600002,-32.4
5250,-8.238868,-0.009866125,-0.009866125,53.35366,-6.280488,29.634148,-78.600006,-47.4,-31.800001
5260,-7.556287,-0.009048727,-0.009048727,54.87805,-7.378049,31.40244,-78.0,-47.4,-31.800001
5270,-7.1395535,-0.008549686,-0.008549686,56.28049,-8.536586,34.085365,-78.0,-46.800003,-31.2
5280,-7.086863,-0.0084865885,-0.0084865885,60.914635,-9.573171,37.19512,-77.4,-47.4,-32.4
5290,-7.359895,-0.008813547,-0.008813547,69.57317,-9.207317,40.792683,-78.600006,-46.800003,-33.600002
5300,-7.4509063,-0.008922533,-0.008922533,79.81708,-8.780488,44.146343,-78.0,-46.800003,-32.4
5310,-7.1778736,-0.008595574,-0.008595574,85.18293,-9.817074,47.987804,-78.0,-46.800003,-32.4
5320,-6.847361,-0.008199782,-0.008199782,82.86585,-13.353659,51.585365,-76.200005,-46.2,-33.0
5330,-6.957532,-0.008331712,-0.008331712,74.39024,-19.45122,54.512196,-77.4,-46.2,-33.0
5340,-7.175479,-0.008592706,-0.008592706,61.768295,-25.792683,57.865856,-76.8,-45.0,-32.4
5350,-7.2185893,-0.008644331,-0.008644331,47.987804,-31.463415,62.92683,-77.4,-45.0,-34.2
5360,-7.089258,-0.008489456,-0.008489456,37.743904,-36.15854,68.10976,-76.200005,-45.600002,-33.600002
5370,-6.9240017,-0.00829156,-0.00829156,33.963417,-37.743904,74.45122,-76.8,-45.0,-33.600002
5380,-6.5360084,-0.007826935,-0.007826935,39.207317,-36.768295,81.46342,-76.8,-43.2,-32.4
5390,-6.318062,-0.007565941,-0.007565941,54.512196,-35.060978,89.451225,-75.600006,-43.2,-32.4
5400,-6.598279,-0.007901504,-0.007901504,78.04878,-30.54878,98.65854,-75.600006,-42.0,-31.800001
5410,-7.062913,-0.0084579075,-0.0084579075,105.121956,-23.109756,108.47561,-76.200005,-42.600002,-32.4
5420,-7.5946074,-0.009094616,-0.009094616,131.5244,-13.780488,118.90244,-75.600006,-42.600002,-32.4
5430,-7.7598634,-0.009292512,-0.009292512,153.84146,-3.6585367,130.0,-76.200005,-41.4,-32.4
5440,-7.3838453,-0.008842227,-0.008842227,172.80489,6.585366,141.64635,-73.8,-41.4,-33.0
5450,-7.0174074,-0.008403414,-0.008403414,189.81708,16.524391,152.2561,-72.600006,-39.600002,-33.600002
5460,-6.799461,-0.008142421,-0.008142421,204.63416,24.756098,160.42683,-73.200005,-39.0,-34.2
5470,-6.67971,-0.007999018,-0.007999018,214.39024,33.59756,167.56097,-71.4,-39.600002,-35.4
5480,-6.583909,-0.007884296,-0.007884296,221.15854,42.134148,173.2317,-72.0,-38.4,-36.0
5490,-6.933582,-0.008303032,-0.008303032,223.84146,49.634148,177.37805,-70.8,-39.0,-38.4
5500,-7.0174074,-0.008403414,-0.008403414,214.69513,57.68293,180.60976,-69.0,-37.800003,-40.2
5510,-5.654641,-0.006771488,-0.006771488,196.21951,62.560978,182.5,-67.200005,-37.800003,-40.2
5520,-4.1984696,-0.0050277086,-0.0050277086,175.12195,60.42683,183.53659,-66.600006,-37.2,-42.0
5530,-3.187771,-0.0038173872,-0.0038173872,153.71951,55.18293,183.96342,-66.0,-37.2,-42.600002
5540,-2.938689,-0.003519109,-0.003519109,133.47562,50.609756,183.90245,-65.4,-36.600002,-44.4
5550,-3.0919704,-0.003702665,-0.003702665,114.87805,47.5,185.06097,-64.8,-34.800003,-44.4
5560,-3.3218923,-0.0039779986,-0.0039779986,98.47561,46.890244,186.70732,-61.800003,-36.600002,-46.2
5570,-3.5781593,-0.004284881,-0.004284881,83.414635,47.134148,187.86586,-61.2,-37.2,-46.2
5580,-3.3841627,-0.004052568,-0.004052568,67.621956,48.048782,190.42683,-60.600002,-36.0,-46.2
5590,-2.7734327,-0.003321213,-0.003321213,56.036587,50.060978,195.24391,-60.000004,-35.4,-46.800003
5600,-2.0381618,-0.0024407187,-0.0024407187,46.95122,51.219513,199.20732,-60.000004,-33.600002,-46.800003
5610,-1.4178516,-0.0016978912,-0.0016978912,39.512196,53.841465,203.10976,-56.4,-36.0,-48.600002
5620,-0.73048097,-0.0008747581,-0.0008747581,34.45122,58.23171,205.60976,-57.000004,-34.2,-47.4
5630,-0.15328126,-0.0001835558,-0.0001835558,33.23171,63.719513,208.53659,-53.4,-33.0,-48.0
5640,0.1820215,0.00021797253,0.00021797253,34.207317,69.45122,213.90245,-52.2,-33.600002,-48.0
5650,0.09580079,0.00011472238,0.00011472238,36.646343,74.756096,218.59756,-50.4,-32.4,-48.600002
5660,-0.23471193,-0.00028106984,-0.00028106984,38.841465,80.36585,223.59756,-49.2,-33.0,-49.800003
5670,-0.36164796,-0.000433077,-0.000433077,36.768295,85.18293,228.47562,-47.4,-32.4,-50.4
5680,0.37122804,0.00044454922,0.00044454922,28.170732,90.36585,233.84148,-46.800003,-30.000002,-49.800003
5690,1.8489552,0.002214142,0.002214142,15.731708,92.439026,237.80489,-45.0,-30.6,-49.2
5700,3.278782,0.0039263736,0.0039263736,2.012195,93.90244,240.60976,-42.0,-30.6,-49.800003
5710,4.296665,0.005145299,0.005145299,-9.878049,94.69512,241.40245,-41.4,-31.800001,-49.2
5720,5.132527,0.006146251,0.006146251,-22.5,90.97561,241.21951,-40.2,-30.000002,-49.800003
5730,5.333709,0.0063871685,0.0063871685,-36.15854,86.70732,242.31708,-36.600002,-30.000002,-49.800003
5740,5.103787,0.006111835,0.006111835,-50.670734,80.243904,242.56097,-34.800003,-31.2,-49.800003
5750,5.010381,0.0059999805,0.0059999805,-60.85366,74.939026,242.74391,-33.600002,-30.000002,-48.600002
5760,5.3863993,0.006450266,0.006450266,-64.5122,73.53659,243.47562,-31.2,-28.800001,-46.800003
5770,6.167176,0.0073852534,0.0073852534,-63.109756,74.085365,242.07318,-30.000002,-29.400002,-48.0
5780,6.6270194,0.007935921,0.007935921,-60.30488,76.768295,238.23172,-28.2,-30.000002,-47.4
5790,6.68929,0.008010491,0.008010491,-58.35366,78.90244,230.06097,-25.800001,-28.800001,-47.4
5800,6.2941117,0.0075372607,0.0075372607,-56.40244,79.20732,227.43903,-24.6,-29.400002,-46.2
5810,5.6666164,0.0067858286,0.0067858286,-53.719513,82.37805,231.09756,-24.0,-28.800001,-44.4
5820,5.6905665,0.006814509,0.006814509,-43.59756,88.10976,234.63416,-21.6,-29.400002,-45.0
5830,6.4282327,0.007697872,0.007697872,-34.085365,94.20732,238.10976,-18.0,-30.6,-43.800003
5840,7.6185575,0.009123297,0.009123297,-34.878048,98.23171,239.81708,-16.800001,-30.6,-42.0
5850,8.861572,0.01061182,0.01061182,-48.90244,97.80488,238.23172,-16.800001,-29.400002,-43.2
5860,10.030342,0.012011433,0.012011433,-68.597565,92.5,233.23172,-13.200001,-32.4,-40.2
5870,9.867481,0.011816406,0.011816406,-84.39024,81.097565,231.03659,-11.400001,-32.4,-40.2
5880,8.636441,0.010342224,0.010342224,-94.57317,69.81708,233.41464,-9.6,-32.4,-40.2
5890,8.55501,0.0102447085,0.0102447085,-94.20732,71.28049,233.71951,-9.0,-31.800001,-38.4
5900,9.223221,0.011044897,0.011044897,-73.96342,76.95122,227.07318,-6.6000004,-34.2,-39.0
5910,8.811277,0.010551591,0.010551591,-39.02439,90.121956,219.7561,-6.0,-33.600002,-37.2
5920,8.466394,0.010138591,0.010138591,-1.9512196,110.85366,216.7683,-4.8,-36.600002,-36.600002
5930,8.595725,0.010293465,0.010293465,25.365854,126.15854,212.86586,-3.6000001,-36.0,-36.0
5940,8.720266,0.010442604,0.010442604,36.40244,133.17073,207.13416,-2.4,-37.800003,-36.0
5950,8.923843,0.01068639,0.01068639,37.987804,139.93903,203.84146,0.0,-37.800003,-34.800003
5960,9.359736,0.011208376,0.011208376,36.707317,140.67073,199.2683,1.2,-40.800003,-33.0
5970,9.980047,0.011951204,0.011951204,40.0,146.34146,198.47562,1.8000001,-40.800003,-33.0
5980,10.571617,0.012659615,0.012659615,54.085365,156.70732,192.98781,2.4,-42.600002,-31.800001
5990,10.597961,0.0126911625,0.0126911625,75.060974,165.18294,186.82927,4.2000003,-42.600002,-31.800001
6000,10.011182,0.011988489,0.011988489,87.19512,172.13416,181.09756,4.8,-44.4,-30.000002
6010,9.546548,0.011432085,0.011432085,85.18293,174.20732,171.82927,6.0,-46.2,-29.400002
6020,9.364527,0.011214113,0.011214113,70.67073,171.34146,167.19513,7.8,-46.800003,-27.000002
6030,9.81,0.011747572,0.011747572,53.475613,170.54878,164.08537,7.8,-48.0,-25.800001
6040,10.882969,0.013032462,0.013032462,49.32927,171.46342,161.09756,9.0,-49.2,-23.400002
6050,11.079361,0.013267644,0.013267644,60.670734,172.2561,155.67073,10.200001,-50.4,-24.0
6060,10.791959,0.012923476,0.012923476,77.5,182.2561,147.2561,10.8,-52.2,-22.2
6070,11.349998,0.013591735,0.013591735,92.926834,192.68294,139.14635,10.8,-54.600002,-21.6
6080,11.285333,0.013514297,0.013514297,95.85366,190.42683,129.32927,12.0,-54.600002,-21.0
6090,11.206297,0.0134196505,0.0134196505,83.96342,187.31708,118.84147,11.400001,-56.4,-18.6
6100,12.18107,0.014586952,0.014586952,68.10976,183.47562,112.56098,12.6,-55.800003,-15.000001
6110,13.048067,0.015625188,0.015625188,58.414635,177.07318,104.69512,12.0,-57.600002,-15.000001
6120,12.79659,0.015324042,0.015324042,56.585365,174.63416,95.97561,13.200001,-58.2,-13.200001
6130,11.812237,0.014145269,0.014145269,65.060974,179.0244,87.31708,13.200001,-58.2,-10.8
6140,11.5895,0.01387854,0.01387854,83.90244,187.13416,79.5122,13.200001,-60.000004,-10.200001
6150,11.903248,0.014254256,0.014254256,99.20732,187.31708,73.78049,12.0,-61.2,-9.0
6160,12.078084,0.014463624,0.014463624,93.17073,178.2927,66.585365,13.200001,-60.000004,-6.6000004
6170,12.540323,0.01501716,0.01501716,63.536587,166.5244,58.963417,12.6,-61.2,-6.0
6180,13.404925,0.01605253,0.01605253,18.719513,147.80489,46.82927,12.6,-60.600002,-4.2000003
6190,13.807288,0.016534364,0.016534364,-27.92683,127.56098,35.85366,13.200001,-62.4,-2.4
6200,13.309124,0.015937807,0.015937807,-61.646343,112.07317,27.256098,13.8,-61.800003,-1.2
6210,12.442127,0.01489957,0.01489957,-78.84147,104.32927,22.865854,13.8,-61.2,-1.2
6220,11.53202,0.013809707,0.013809707,-75.73171,104.57317,21.463415,12.6,-62.4,1.8000001
6230,10.607542,0.0127026355,0.0127026355,-48.90244,114.02439,20.792683,12.6,-63.600002,1.8000001
6240,9.848321,0.011793461,0.011793461,-1.9512196,129.63416,22.560976,12.0,-62.4,1.8000001
6250,9.831555,0.011773384,0.011773384,55.0,145.48781,25.365854,12.0,-63.000004,2.4
6260,10.530901,0.012610857,0.012610857,110.73171,154.57318,27.682928,13.200001,-63.000004,5.4
6270,11.352393,0.013594602,0.013594602,148.65854,153.96342,26.40244,13.200001,-63.600002,6.6000004
6280,11.620635,0.013915825,0.013915825,162.80489,142.56097,17.804878,10.200001,-63.000004,7.2000003
6290,11.187137,0.0133967055,0.0133967055,172.2561,131.40244,11.829268,10.200001,-61.800003,9.0
6300,10.950029,0.013112768,0.013112768,184.87805,122.68293,4.4512196,11.400001,-61.2,10.200001
6310,10.87818,0.013026726,0.013026726,204.57318,120.73171,3.8414636,9.6,-60.600002,10.8
6320,11.699671,0.01401047,0.01401047,237.13416,115.48781,14.146341,9.6,-60.000004,12.6
6330,13.095967,0.01568255,0.01568255,258.59756,103.47561,28.719513,9.6,-58.2,13.200001
6340,13.519886,0.016190195,0.016190195,251.46342,83.29269,30.243902,9.6,-57.600002,13.200001
6350,14.580879,0.017460747,0.017460747,210.12196,50.42683,25.609756,7.2000003,-57.000004,15.000001
6360,14.6000395,0.01748369,0.01748369,147.19513,13.353659,19.512196,8.400001,-57.000004,14.400001
6370,12.78222,0.015306834,0.015306834,80.79269,-17.743902,6.2195125,9.0,-55.2,15.000001
6380,10.98835,0.013158657,0.013158657,11.8902445,-38.292683,-9.02439,9.0,-56.4,16.2
6390,10.277029,0.012306843,0.012306843,-47.682926,-54.146343,-19.573172,9.6,-54.600002,14.400001
6400,9.740545,0.011664399,0.011664399,-88.35366,-65.36585,-26.09756,9.0,-55.800003,14.400001
6410,9.053174,0.010841264,0.010841264,-107.98781,-69.14634,-28.04878,9.6,-55.2,14.400001
6420,8.495134,0.010173007,0.010173007,-110.243904,-67.07317,-28.170732,9.6,-55.2,13.200001
6430,8.167017,0.009780083,0.009780083,-100.121956,-61.52439,-25.97561,10.200001,-56.4,13.8
6440,7.8436894,0.009392895,0.009392895,-80.73171,-53.170734,-21.768293,10.8,-55.800003,13.200001
6450,7.668853,0.009183527,0.009183527,-58.65854,-43.963417,-16.463415,9.6,-58.2,12.0
6460,8.047266,0.00963668,0.00963668,-41.646343,-36.707317,-14.02439,10.8,-57.600002,12.0
6470,8.435259,0.010101305,0.010101305,-32.5,-33.23171,-12.378049,10.200001,-55.800003,10.8
6480,8.195757,0.009814499,0.009814499,-28.658537,-30.42683,-11.158537,9.6,-57.600002,10.200001
6490,7.9778104,0.009553506,0.009553506,-28.04878,-25.54878,-7.804878,9.6,-56.4,10.8
6500,7.9849954,0.0095621105,0.0095621105,-28.963415,-21.219513,-4.1463413,10.8,-58.2,10.8
6510,8.236472,0.0098632565,0.0098632565,-32.378048,-17.5,-2.0731707,11.400001,-57.600002,9.6
6520,8.5598,0.0102504445,0.0102504445,-34.45122,-15.365854,-1.4634147,10.200001,-58.2,11.400001
6530,8.823253,0.010565932,0.010565932,-34.939026,-13.414635,-0.9756098,10.200001,-57.600002,11.400001
6540,9.153765,0.0109617235,0.0109617235,-35.30488,-12.560976,-1.402439,10.8,-58.2,10.200001
6550,9.192085,0.011007613,0.011007613,-39.085365,-13.414635,-2.8658538,10.8,-58.2,9.6
6560,9.235196,0.011059238,0.011059238,-47.865856,-14.817074,-5.304878,11.400001,-57.600002,10.200001
6570,9.362132,0.011211245,0.011211245,-60.18293,-16.82927,-6.3414636,10.200001,-58.800003,9.6
6580,9.517808,0.011397668,0.011397668,-71.82927,-19.573172,-8.04878,10.8,-59.4,9.6
6590,9.75731,0.011684475,0.011684475,-80.18293,-22.743902,-9.146341,10.8,-58.2,10.200001
6600,9.958491,0.011925391,0.011925391,-84.02439,-26.40244,-10.54878,10.200001,-57.600002,9.0
6610,10.044712,0.012028641,0.012028641,-82.0122,-31.158537,-13.170732,12.0,-58.800003,10.200001
6620,9.845925,0.011790592,0.011790592,-76.52439,-35.609756,-15.243903,11.400001,-57.600002,8.400001
6630,9.594449,0.011489447,0.011489447,-70.48781,-39.634148,-16.890244,11.400001,-58.800003,9.6
6640,9.611214,0.011509523,0.011509523,-67.256096,-44.02439,-17.865854,11.400001,-58.800003,9.0
6650,9.72857,0.011650058,0.011650058,-66.95122,-47.80488,-17.560976,12.0,-59.4,8.400001
6660,9.903406,0.011859426,0.011859426,-67.926834,-50.975613,-16.95122,11.400001,-58.800003,6.6000004
6670,10.516531,0.012593649,0.012593649,-69.268295,-55.18293,-16.158537,11.400001,-59.4,8.400001
6680,11.407478,0.013660567,0.013660567,-70.73171,-62.98781,-16.82927,11.400001,-61.2,6.0
6690,11.857742,0.014199763,0.014199763,-73.90244,-76.21951,-20.609756,12.0,-60.000004,6.0
6700,11.817027,0.014151006,0.014151006,-79.756096,-91.15854,-25.853659,11.400001,-60.000004,6.6000004
6710,11.045831,0.013227491,0.013227491,-87.31708,-104.57317,-31.036587,12.0,-60.600002,3.6000001
6720,10.375225,0.012424434,0.012424434,-95.060974,-113.78049,-36.95122,13.200001,-59.4,3.6000001
6730,10.284214,0.012315447,0.012315447,-102.86585,-121.097565,-42.439026,12.6,-59.4,2.4
6740,10.9069195,0.013061143,0.013061143,-108.90244,-128.04878,-47.5,12.0,-60.000004,2.4
6750,11.615846,0.01391009,0.01391009,-114.39024,-138.35367,-53.963417,15.000001,-57.000004,0.6
6760,11.951148,0.014311617,0.014311617,-122.07317,-149.7561,-61.52439,13.8,-58.800003,0.0
6770,11.783497,0.014110853,0.014110853,-129.81708,-158.78049,-69.5122,13.200001,-59.4,-1.2
6780,11.63261,0.013930165,0.013930165,-135.60976,-165.48781,-77.621956,13.8,-59.4,-3.0
6790,11.388318,0.013637623,0.013637623,-137.62195,-171.7683,-85.36585,13.200001,-58.800003,-6.0
6800,10.97398,0.013141449,0.013141449,-140.48781,-177.74391,-92.98781,13.8,-58.800003,-6.0
6810,10.8925495,0.013043935,0.013043935,-147.37805,-183.53659,-102.07317,13.200001,-58.2,-7.2000003
6820,11.122471,0.013319268,0.013319268,-156.15854,-188.59756,-113.597565,13.8,-56.4,-8.400001
6830,11.393108,0.013643359,0.013643359,-163.84146,-193.71951,-125.48781,14.400001,-55.800003,-10.200001
6840,11.268567,0.01349422,0.01349422,-169.0244,-197.56097,-136.64635,13.200001,-55.800003,-13.200001
6850,10.744058,0.012866114,0.012866114,-169.81708,-198.71951,-144.87805,13.200001,-54.600002,-13.8
6860,10.423125,0.012481795,0.012481795,-169.45122,-196.70732,-149.87805,12.0,-53.4,-16.2
6870,10.660233,0.0127657335,0.0127657335,-164.81708,-193.65854,-153.53659,12.0,-52.800003,-15.6
6880,10.859019,0.013003782,0.013003782,-156.21951,-192.31708,-158.71951,11.400001,-49.2,-17.400002
6890,10.542876,0.012625198,0.012625198,-144.69513,-190.12195,-163.90244,12.0,-49.2,-19.800001
6900,10.109378,0.01210608,0.01210608,-133.65854,-185.7927,-169.08537,9.0,-47.4,-21.0
6910,9.659114,0.011566884,0.011566884,-123.29269,-179.39024,-175.12195,9.0,-46.800003,-21.0
6920,9.496253,0.011371857,0.011371857,-113.90244,-171.03659,-181.09756,8.400001,-44.4,-22.800001
6930,9.381292,0.011234189,0.011234189,-103.597565,-161.46342,-187.19513,7.2000003,-43.2,-24.0
6940,9.21364,0.011033424,0.011033424,-90.914635,-151.03659,-192.62195,6.0,-42.0,-25.2
6950,9.148975,0.0109559875,0.0109559875,-78.597565,-140.18294,-196.46342,6.0,-40.800003,-25.800001
6960,9.383687,0.011237057,0.011237057,-68.414635,-131.34146,-200.60976,3.0,-38.4,-25.800001
6970,9.697434,0.011612773,0.011612773,-61.95122,-124.87805,-206.21951,3.6000001,-37.2,-28.2
6980,9.690249,0.011604168,0.011604168,-59.817074,-121.097565,-211.70732,3.0,-36.0,-26.400002
6990,9.15137,0.010958855,0.010958855,-66.95122,-117.86586,-218.53659,1.2,-35.4,-28.2
7000,8.5119,0.010193083,0.010193083,-81.70732,-114.7561,-226.89024,-0.6,-34.800003,-29.400002
7010,7.788604,0.009326929,0.009326929,-99.32927,-109.451225,-235.48781,-1.2,-33.0,-28.800001
7020,7.197034,0.008618519,0.008618519,-111.52439,-101.46342,-241.5244,-3.6000001,-30.6,-30.000002
7030,6.947952,0.00832024,0.00832024,-117.743904,-90.0,-245.7927,-3.6000001,-30.000002,-29.400002
7040,7.053333,0.008446435,0.008446435,-117.56098,-78.47561,-249.2683,-4.8,-27.6,-29.400002
7050,6.6509695,0.007964601,0.007964601,-115.426834,-68.29269,-251.46342,-7.8,-26.400002,-28.800001
7060,6.128855,0.0073393644,0.0073393644,-115.73171,-58.414635,-252.13416,-9.0,-25.2,-27.000002
7070,5.5324955,0.006625218,0.006625218,-117.2561,-48.65854,-252.13416,-10.8,-24.0,-27.6
7080,4.9073954,0.0058766543,0.0058766543,-117.56098,-39.817074,-252.68294,-13.8,-22.800001,-27.000002
7090,4.3182206,0.005171112,0.005171112,-115.18293,-30.365854,-251.5244,-15.000001,-22.800001,-26.400002
7100,3.9565725,0.0047380347,0.0047380347,-110.18293,-20.121952,-248.96342,-16.800001,-20.400002,-26.400002
7110,3.7314405,0.004468437,0.004468437,-100.36585,-7.5,-245.36586,-18.6,-19.2,-25.800001
7120,3.7098854,0.0044426243,0.0044426243,-86.15854,5.609756,-240.18294,-20.400002,-18.6,-25.2
7130,3.6979103,0.004428284,0.004428284,-71.70732,15.243903,-233.41464,-23.400002,-18.6,-22.800001
7140,3.5877395,0.004296353,0.004296353,-62.743904,21.768293,-226.89024,-24.6,-17.400002,-21.6
7150,3.4608033,0.004144346,0.004144346,-60.0,24.268293,-221.5244,-25.800001,-16.800001,-21.6
7160,2.802173,0.0033556295,0.0033556295,-62.865856,24.024391,-216.7683,-26.400002,-16.800001,-22.800001
7170,1.8824854,0.0022542947,0.0022542947,-68.84147,23.963415,-212.07318,-28.2,-15.6,-21.6
7180,1.3915064,0.0016663426,0.0016663426,-75.73171,26.463415,-206.28049,-30.6,-15.6,-21.6
7190,0.9029224,0.0010812584,0.0010812584,-77.621956,29.390245,-200.97562,-33.0,-16.2,-21.6
7200,0.53169435,0.0006367092,0.0006367092,-75.060974,35.670734,-195.54878,-33.600002,-16.2,-20.400002
7210,0.36883304,0.0004416812,0.0004416812,-66.21951,41.768295,-189.14635,-35.4,-16.2,-20.400002
7220,0.0,0.0,0.0,-53.475613,47.987804,-183.71951,-37.2,-16.800001,-19.800001
7230,-0.2706372,-0.0003240907,-0.0003240907,-40.548782,53.719513,-179.08537,-37.800003,-16.800001,-19.2
7240,-0.39757326,-0.0004760979,-0.0004760979,-30.243902,56.036587,-173.53659,-39.600002,-17.400002,-19.2
7250,-0.45744875,-0.0005477994,-0.0005477994,-24.146341,55.609756,-166.70732,-39.600002,-17.400002,-18.6
7260,-0.90052736,-0.0010783904,-0.0010783904,-23.59756,53.170734,-159.7561,-41.4,-16.800001,-19.800001
7270,-1.5735279,-0.0018843152,-0.0018843152,-25.731709,52.2561,-152.68294,-43.800003,-18.0,-18.0
7280,-2.1076174,-0.0025238926,-0.0025238926,-28.353659,53.414635,-147.37805,-45.0,-18.0,-19.2
7290,-2.3734643,-0.0028422468,-0.0028422468,-31.463415,56.40244,-143.04878,-45.0,-19.2,-19.2
7300,-2.327959,-0.002787754,-0.002787754,-31.036587,58.963417,-140.0,-46.800003,-18.0,-19.2
7310,-2.562671,-0.0030688236,-0.0030688236,-29.32927,58.048782,-135.85367,-48.600002,-18.6,-19.800001
7320,-3.166216,-0.0037915746,-0.0037915746,-29.512196,55.121952,-130.42683,-49.800003,-19.800001,-20.400002
7330,-3.796106,-0.0045458744,-0.0045458744,-30.97561,52.5,-123.96342,-49.800003,-20.400002,-19.800001
7340,-4.2032595,-0.0050334446,-0.0050334446,-34.32927,48.536587,-117.439026,-51.000004,-21.0,-18.6
7350,-4.3373804,-0.005194056,-0.005194056,-41.890244,45.30488,-113.29269,-50.4,-19.2,-19.800001
7360,-4.2367897,-0.005073597,-0.005073597,-50.243904,44.45122,-114.20732,-51.600002,-21.6,-19.2
7370,-4.1146436,-0.004927326,-0.004927326,-56.463417,44.634148,-117.621956,-53.4,-21.6,-18.0
7380,-4.258345,-0.00509941,-0.00509941,-59.146343,45.487804,-119.5122,-54.000004,-21.6,-18.0
7390,-4.754114,-0.0056930985,-0.0056930985,-58.59756,46.52439,-119.57317,-54.600002,-21.6,-18.0
7400,-5.3145485,-0.006364224,-0.006364224,-56.341465,46.15854,-116.70732,-55.2,-22.2,-18.0
7410,-6.0522146,-0.0072475863,-0.0072475863,-55.121952,45.487804,-110.121956,-55.2,-22.800001,-17.400002
7420,-6.806646,-0.0081510255,-0.0081510255,-55.73171,45.792683,-102.439026,-58.800003,-22.800001,-17.400002
7430,-6.799461,-0.008142421,-0.008142421,-60.792683,46.09756,-97.80488,-57.000004,-24.6,-16.2
7440,-6.559959,-0.007855616,-0.007855616,-75.243904,44.146343,-93.84147,-58.2,-24.6,-16.800001
7450,-6.0210795,-0.0072103017,-0.0072103017,-94.14635,39.02439,-94.87805,-59.4,-25.2,-18.0
7460,-6.2031007,-0.007428274,-0.007428274,-112.0122,33.59756,-96.40244,-59.4,-25.800001,-16.800001
7470,-6.485713,-0.007766705,-0.007766705,-124.451225,31.585367,-96.21951,-61.2,-24.6,-15.6
7480,-6.861731,-0.00821699,-0.00821699,-126.951225,31.219513,-94.085365,-62.4,-25.2,-15.000001
7490,-7.575447,-0.009071672,-0.009071672,-120.426834,34.634148,-91.21951,-61.2,-25.800001,-13.8
7500,-8.236472,-0.0098632565,-0.0098632565,-108.53659,42.19512,-87.743904,-62.4,-25.800001,-14.400001
7510,-8.49274,-0.010170139,-0.010170139,-93.78049,50.487804,-84.87805,-61.800003,-27.000002,-13.8
7520,-8.226892,-0.009851784,-0.009851784,-78.84147,58.475613,-82.86585,-63.000004,-27.6,-12.6
7530,-7.6592727,-0.009172054,-0.009172054,-63.963417,64.63415,-80.243904,-64.200005,-28.2,-13.200001
7540,-7.4988065,-0.008979894,-0.008979894,-53.414635,68.17073,-77.256096,-64.200005,-30.000002,-13.8
7550,-7.5395217,-0.009028651,-0.009028651,-51.890244,68.90244,-75.60976,-66.0,-29.400002,-12.6
7560,-7.582632,-0.009080276,-0.009080276,-58.963417,68.04878,-75.97561,-65.4,-28.800001,-12.6
7570,-7.699988,-0.009220812,-0.009220812,-70.48781,65.36585,-77.560974,-66.600006,-30.6,-13.200001
7580,-7.790999,-0.009329798,-0.009329798,-85.60976,62.317074,-78.78049,-67.200005,-31.2,-12.6
7590,-8.018526,-0.009602264,-0.009602264,-99.14635,62.317074,-79.57317,-67.8,-32.4,-13.8
7600,-8.162227,-0.009774347,-0.009774347,-104.20732,64.02439,-79.39024,-67.200005,-31.800001,-12.6
7610,-8.293953,-0.0099320905,-0.0099320905,-98.96342,65.60976,-77.621956,-67.8,-33.600002,-12.6
7620,-8.435259,-0.010101305,-0.010101305,-87.743904,70.0,-75.30488,-68.4,-33.600002,-12.6
7630,-8.298743,-0.009937827,-0.009937827,-74.02439,74.45122,-72.80488,-68.4,-34.2,-13.8
7640,-7.94428,-0.009513354,-0.009513354,-62.560978,78.23171,-70.914635,-70.200005,-33.600002,-12.6
7650,-7.8484793,-0.009398631,-0.009398631,-58.292683,79.756096,-70.243904,-70.200005,-34.800003,-12.6
7660,-7.893985,-0.009453124,-0.009453124,-61.52439,81.21951,-69.02439,-70.8,-35.4,-12.6
7670,-7.8436894,-0.009392895,-0.009392895,-65.914635,81.82927,-67.19512,-71.4,-35.4,-13.200001
7680,-8.145462,-0.00975427,-0.00975427,-65.97561,81.768295,-65.79269,-72.0,-36.0,-13.200001
7690,-8.626861,-0.010330751,-0.010330751,-59.45122,84.87805,-64.14634,-70.8,-36.0,-13.200001
7700,-8.595725,-0.010293465,-0.010293465,-48.292683,87.5,-62.439026,-72.0,-36.600002,-13.8
7710,-8.341853,-0.009989451,-0.009989451,-36.036587,87.80488,-61.82927,-73.200005,-36.600002,-15.000001
7720,-8.468789,-0.010141458,-0.010141458,-27.195122,88.53659,-61.219513,-73.200005,-39.0,-15.000001
7730,-8.631651,-0.010336487,-0.010336487,-18.658537,89.87805,-60.0,-73.8,-37.800003,-15.6
7740,-8.425679,-0.010089833,-0.010089833,-9.45122,91.768295,-58.414635,-73.200005,-39.0,-16.2
7750,-8.188572,-0.009805895,-0.009805895,-1.2804878,93.17073,-55.85366,-73.8,-39.0,-16.800001
7760,-7.7239385,-0.009249493,-0.009249493,3.902439,93.414635,-53.719513,-75.0,-39.0,-16.800001
7770,-7.247329,-0.008678748,-0.008678748,6.768293,91.097565,-50.30488,-73.8,-40.2,-17.400002
7780,-6.957532,-0.008331712,-0.008331712,7.6219516,87.439026,-47.5,-75.0,-40.800003,-19.800001
7790,-6.4354177,-0.007706476,-0.007706476,4.3292685,82.19512,-45.792683,-75.0,-40.2,-19.800001
7800,-6.564749,-0.007861351,-0.007861351,-1.8292683,74.20732,-44.02439,-75.600006,-41.4,-20.400002
7810,-6.9144216,-0.008280087,-0.008280087,-8.414635,67.926834,-42.80488,-76.200005,-41.4,-21.0
7820,-7.1874537,-0.008607047,-0.008607047,-10.121951,61.341465,-41.707317,-76.200005,-40.2,-21.6
7830,-7.862849,-0.009415839,-0.009415839,-7.3170733,57.012196,-40.0,-75.600006,-41.4,-22.2
7840,-8.334668,-0.009980847,-0.009980847,-2.012195,56.036587,-37.07317,-76.200005,-42.0,-21.6
7850,-8.073611,-0.009668229,-0.009668229,3.5365853,56.341465,-34.69512,-76.200005,-42.600002,-23.400002
7860,-7.4892263,-0.008968422,-0.008968422,6.280488,53.59756,-33.35366,-77.4,-42.0,-23.400002
7870,-7.2569094,-0.00869022,-0.00869022,7.5,49.207317,-31.95122,-77.4,-42.0,-24.6
7880,-7.2593045,-0.008693089,-0.008693089,8.47561,45.060978,-30.121952,-77.4,-42.0,-23.400002
7890,-7.4676714,-0.00894261,-0.00894261,11.402439,40.670734,-27.256098,-77.4,-43.800003,-24.6
7900,-7.704778,-0.009226548,-0.009226548,12.560976,36.219513,-23.780489,-76.8,-43.800003,-25.2
7910,-7.6233473,-0.009129033,-0.009129033,10.792684,32.19512,-21.890244,-79.200005,-43.800003,-25.2
7920,-7.664063,-0.009177791,-0.009177791,8.292683,27.804878,-19.939024,-78.0,-44.4,-25.800001
7930,-8.164622,-0.009777215,-0.009777215,9.3902445,25.54878,-16.82927,-78.600006,-45.0,-26.400002
7940,-8.490345,-0.010167272,-0.010167272,11.646341,25.060976,-13.536586,-77.4,-44.4,-27.000002
7950,-8.037686,-0.009625209,-0.009625209,13.109756,24.146341,-11.097561,-78.600006,-44.4,-27.000002
7960,-7.711963,-0.009235152,-0.009235152,13.170732,21.219513,-10.121951,-78.0,-45.0,-26.400002
7970,-7.4748564,-0.008951214,-0.008951214,10.609756,19.207317,-9.573171,-77.4,-45.0,-27.000002
7980,-7.302415,-0.008744714,-0.008744714,4.878049,14.878049,-8.780488,-78.0,-45.0,-26.400002
7990,-7.6137676,-0.009117561,-0.009117561,-0.6097561,10.487805,-7.1341467,-78.0,-45.600002,-27.6
8000,-7.846084,-0.009395762,-0.009395762,-5.121951,6.9512196,-5.2439027,-78.0,-45.0,-26.400002
8010,-8.049661,-0.009639548,-0.009639548,-6.890244,3.5975611,-3.1097562,-78.600006,-44.4,-28.2
8020,-8.581355,-0.010276257,-0.010276257,-8.170732,1.9512196,-2.682927,-78.600006,-46.2,-28.2
8030,-8.823253,-0.010565932,-0.010565932,-7.3170733,2.804878,-1.7073171,-78.600006,-45.0,-28.800001
8040,-8.926238,-0.010689258,-0.010689258,-3.0487804,4.756098,-1.7682927,-78.600006,-45.600002,-27.6
8050,-8.847202,-0.010594612,-0.010594612,1.4634147,7.9268293,-0.73170733,-77.4,-46.2,-27.000002
8060,-8.5119,-0.010193083,-0.010193083,5.670732,9.756098,0.9756098,-78.600006,-45.600002,-28.2
8070,-8.1143265,-0.009716986,-0.009716986,9.146341,8.414635,4.9390244,-78.0,-44.4,-27.6
8080,-8.262817,-0.009894805,-0.009894805,9.634147,5.2439027,8.47561,-78.0,-45.0,-27.6
8090,-8.293953,-0.0099320905,-0.0099320905,6.097561,1.8292683,11.707317,-77.4,-45.0,-28.2
8100,-8.303533,-0.009943562,-0.009943562,3.0487804,-2.987805,13.719513,-78.600006,-44.4,-27.6
8110,-8.487949,-0.010164402,-0.010164402,0.6707317,-6.097561,14.695123,-78.0,-44.4,-28.2
8120,-8.720266,-0.010442604,-0.010442604,-0.6707317,-7.5609756,14.3902445,-78.0,-45.600002,-28.2
8130,-8.729847,-0.010454077,-0.010454077,-0.4878049,-7.804878,13.597561,-79.200005,-45.600002,-28.2
8140,-8.669971,-0.010382376,-0.010382376,0.06097561,-7.804878,13.780488,-78.0,-44.4,-27.6
8150,-8.674761,-0.010388112,-0.010388112,2.5609756,-7.012195,14.695123,-79.200005,-45.0,-27.000002
8160,-8.576566,-0.010270522,-0.010270522,4.756098,-6.402439,15.97561,-77.4,-43.2,-28.800001
8170,-8.329878,-0.00997511,-0.00997511,7.0731707,-6.158537,17.743902,-78.0,-45.0,-28.2
8180,-8.080796,-0.009676833,-0.009676833,9.634147,-6.9512196,19.390244,-78.0,-44.4,-28.2
8190,-8.135881,-0.009742798,-0.009742798,11.219512,-7.987805,19.939024,-76.200005,-42.600002,-28.2
8200,-8.329878,-0.00997511,-0.00997511,13.414635,-7.012195,21.82927,-79.200005,-44.4,-27.000002
8210,-8.435259,-0.010101305,-0.010101305,19.207317,-4.8170733,25.060976,-77.4,-43.2,-28.2
8220,-8.346643,-0.009995188,-0.009995188,30.121952,-3.5975611,28.353659,-76.200005,-43.2,-27.000002
8230,-7.965835,-0.0095391655,-0.0095391655,44.207317,-4.1463413,31.036587,-78.0,-42.600002,-28.2
8240,-7.697593,-0.009217943,-0.009217943,57.560978,-6.4634147,33.292683,-77.4,-43.800003,-27.000002
8250,-7.89638,-0.009455993,-0.009455993,67.5,-9.146341,35.670734,-78.0,-43.800003,-28.800001
8260,-7.89638,-0.009455993,-0.009455993,72.743904,-11.036586,39.146343,-76.8,-43.800003,-28.800001
8270,-7.6520877,-0.00916345,-0.00916345,75.243904,-13.780488,43.170734,-76.8,-43.2,-28.2
8280,-7.209009,-0.008632859,-0.008632859,75.36585,-17.621952,47.19512,-76.200005,-40.800003,-30.000002
8290,-6.7659307,-0.008102268,-0.008102268,72.5,-22.37805,53.170734,-76.8,-42.0,-28.800001
8300,-6.365962,-0.007623302,-0.007623302,69.87805,-28.109756,58.841465,-76.200005,-41.4,-29.400002
8310,-6.2869267,-0.0075286566,-0.0075286566,71.82927,-32.987804,64.14634,-75.0,-41.4,-28.800001
8320,-6.5168486,-0.00780399,-0.00780399,77.0122,-35.243904,69.32927,-75.600006,-42.0,-27.6
8330,-6.813831,-0.008159629,-0.008159629,83.35366,-36.646343,73.90244,-74.4,-40.800003,-30.000002
8340,-6.825806,-0.00817397,-0.00817397,88.597565,-37.012196,78.96342,-74.4,-39.600002,-30.6
